Crop,Mandi Base (₹),Grade,Qty (kg),Farmer Price (₹),Intermediary (₹),Retailer (₹),Location
Cauliflower,45.81,C,200,38.73,45.89,53.2,Coimbatore
Lady Finger,50.27,B,25,45.42,52.91,59.24,Salem
Cucumber,32.45,B,25,27.78,33.41,38.91,Salem
Cucumber,36.33,A,500,30.01,37.37,44.33,Coimbatore
Potato,24.32,B,50,21.95,25.84,30.25,Salem
Green Chilli,84.3,A,150,71.86,86.58,97.68,Madurai
Tomato,62.46,A,150,53.51,64.5,72.36,Coimbatore
Onion,34.0,B,750,28.94,34.49,41.4,Madurai
Cucumber,32.41,C,300,27.44,33.51,40.87,Trichy
Cucumber,32.08,A,75,27.45,32.77,38.44,Coimbatore
Lady Finger,44.18,A,300,37.94,45.75,55.53,Erode
Beetroot,37.42,C,150,31.85,38.09,45.98,Trichy
Brinjal,40.13,B,200,34.38,42.65,50.1,Chennai
Brinjal,39.77,A,25,35.42,39.71,47.86,Madurai
Potato,26.18,C,200,22.83,26.19,31.98,Dindigul
Drumstick,46.63,A,100,40.25,49.42,58.01,Salem
Green Chilli,62.86,C,75,56.55,64.77,78.19,Salem
Cucumber,25.11,A,100,22.01,26.4,31.38,Trichy
Cauliflower,39.6,B,100,34.1,40.21,49.85,Thanjavur
Cabbage,30.71,B,150,27.47,32.62,36.32,Erode
Onion,39.32,A,25,34.82,40.41,45.64,Chennai
Brinjal,29.77,C,75,26.18,31.67,35.17,Erode
Carrot,42.97,B,300,36.03,44.58,52.63,Dindigul
Drumstick,81.96,A,100,70.84,81.39,99.99,Dindigul
Drumstick,71.92,A,100,63.81,72.14,88.54,Coimbatore
Cauliflower,50.88,B,300,42.27,52.43,62.66,Madurai
Cauliflower,69.55,A,200,59.17,74.05,87.72,Coimbatore
Brinjal,26.5,C,100,23.59,27.92,33.11,Salem
Cabbage,27.88,C,750,23.81,29.0,33.99,Erode
Green Chilli,54.91,C,100,48.28,56.21,69.43,Chennai
Carrot,55.79,A,75,48.73,58.35,68.87,Trichy
Tomato,48.88,A,100,42.38,51.95,58.56,Erode
Cabbage,32.25,B,200,27.94,33.12,37.94,Erode
Potato,40.66,A,75,36.68,43.17,51.06,Coimbatore
Potato,46.82,A,150,41.87,49.74,58.47,Coimbatore
Brinjal,31.4,C,75,27.73,33.3,38.68,Erode
Lady Finger,52.37,A,1000,43.11,53.88,65.54,Thanjavur
Tomato,52.78,B,150,45.44,55.45,65.66,Erode
Green Chilli,57.73,C,200,50.63,59.97,71.14,Erode
Cucumber,36.72,A,50,32.46,36.45,44.29,Chennai
Cabbage,19.22,C,25,16.73,19.8,22.89,Madurai
Lady Finger,64.13,A,150,56.95,64.42,76.97,Salem
Potato,27.86,A,1000,23.7,27.67,33.4,Dindigul
Potato,28.64,B,75,24.6,29.27,35.24,Coimbatore
Tomato,38.0,C,100,32.67,38.14,47.8,Madurai
Tomato,51.54,B,150,45.49,51.21,62.74,Erode
Potato,30.59,A,50,26.3,30.99,38.62,Salem
Brinjal,56.03,A,500,46.68,57.42,68.72,Coimbatore
Beetroot,39.66,C,100,33.94,42.04,47.99,Madurai
Lady Finger,47.77,B,750,41.16,50.4,58.51,Salem
Carrot,54.81,B,50,49.09,57.64,67.08,Erode
Tomato,37.37,B,100,32.36,38.06,43.33,Trichy
Onion,49.92,A,150,43.94,50.7,59.09,Chennai
Cauliflower,42.93,B,750,35.14,43.85,54.16,Coimbatore
Carrot,54.14,B,200,47.3,54.11,64.02,Madurai
Lady Finger,48.01,C,150,42.42,50.25,56.0,Dindigul
Tomato,53.49,B,100,48.13,54.51,61.84,Trichy
Green Chilli,75.06,A,1000,64.69,77.54,91.91,Chennai
Brinjal,38.99,A,300,33.41,40.91,48.42,Salem
Brinjal,45.34,C,50,40.44,46.74,55.89,Madurai
Cucumber,33.6,B,50,28.87,35.03,39.08,Trichy
Onion,29.92,B,50,27.05,30.46,35.77,Chennai
Carrot,54.25,C,300,45.51,54.04,67.29,Trichy
Cabbage,33.15,B,50,29.16,32.85,40.0,Dindigul
Beetroot,33.51,A,300,28.7,34.64,42.25,Coimbatore
Cucumber,35.42,A,150,31.39,37.66,43.08,Trichy
Brinjal,54.42,B,50,48.04,57.83,65.99,Erode
Green Chilli,63.18,B,300,53.63,66.82,73.29,Trichy
Cucumber,34.58,C,150,30.33,34.96,40.66,Madurai
Beetroot,45.19,A,50,40.84,48.08,55.66,Erode
Tomato,59.54,A,300,49.33,63.01,74.15,Trichy
Onion,43.49,B,150,38.82,45.88,50.45,Chennai
Cauliflower,61.97,A,1000,51.05,64.11,74.17,Erode
Cabbage,36.44,B,150,31.59,36.82,42.31,Chennai
Cabbage,36.72,B,1000,30.95,38.47,46.22,Coimbatore
Beetroot,45.94,A,50,41.47,47.57,54.22,Chennai
Tomato,43.38,B,50,38.54,44.64,53.79,Erode
Drumstick,53.27,C,200,46.92,54.34,62.31,Madurai
Cauliflower,48.86,B,500,42.0,50.63,61.7,Dindigul
Onion,37.65,B,50,33.56,38.82,45.36,Madurai
Cucumber,37.02,B,750,30.49,39.23,44.77,Thanjavur
Cucumber,44.89,B,200,38.33,46.57,53.03,Coimbatore
Potato,27.77,A,75,23.93,28.82,32.63,Dindigul
Lady Finger,38.03,C,300,31.53,38.2,44.09,Trichy
Brinjal,37.56,A,50,32.34,38.49,44.24,Madurai
Onion,39.19,B,25,35.07,40.64,45.62,Trichy
Drumstick,45.81,A,500,37.59,47.4,57.88,Dindigul
Lady Finger,56.69,A,200,49.5,56.39,66.4,Thanjavur
Potato,37.94,B,300,31.2,40.03,45.3,Dindigul
Potato,40.3,A,75,35.59,42.43,46.94,Dindigul
Cucumber,27.77,C,300,23.85,28.53,32.34,Trichy
Cabbage,28.48,B,200,24.39,28.92,35.71,Madurai
Onion,59.38,A,200,50.44,59.24,69.58,Chennai
Cauliflower,41.42,A,100,35.78,43.8,48.21,Erode
Potato,40.48,B,50,35.41,43.01,50.6,Dindigul
Cabbage,22.06,A,300,19.09,22.76,26.87,Thanjavur
Potato,24.61,B,100,21.56,25.3,29.08,Salem
Tomato,35.64,B,200,31.49,36.14,43.49,Madurai
Cabbage,27.85,B,200,23.61,29.0,32.43,Madurai
Brinjal,42.3,B,200,36.29,42.98,53.18,Trichy
Cucumber,43.77,B,1000,36.16,44.57,55.01,Coimbatore
Cabbage,21.86,B,500,18.06,21.9,25.64,Coimbatore
Brinjal,47.04,B,150,41.86,47.96,58.56,Chennai
Cauliflower,50.52,A,100,45.08,51.91,59.64,Erode
Tomato,47.06,B,750,39.82,47.0,59.21,Dindigul
Cauliflower,44.04,A,500,37.27,45.36,55.2,Chennai
Carrot,48.18,A,100,42.99,47.82,58.67,Salem
Beetroot,26.78,C,500,22.01,28.21,31.31,Salem
Lady Finger,36.92,B,100,32.9,38.55,45.25,Dindigul
Potato,28.65,B,150,24.51,30.32,34.94,Coimbatore
Lady Finger,59.69,B,75,52.79,61.36,72.96,Dindigul
Lady Finger,37.65,B,750,32.16,37.34,46.18,Coimbatore
Tomato,40.87,A,50,35.16,43.04,51.3,Coimbatore
Tomato,38.63,A,75,34.64,39.2,45.94,Thanjavur
Potato,30.27,B,300,25.14,31.75,36.97,Erode
Potato,38.29,B,750,32.12,39.29,48.1,Dindigul
Drumstick,52.61,B,75,46.29,53.74,66.06,Chennai
Tomato,46.99,B,25,41.73,47.14,59.24,Salem
Tomato,36.96,B,1000,31.06,38.24,42.96,Coimbatore
Cauliflower,71.65,A,75,61.94,71.13,86.47,Chennai
Lady Finger,69.79,A,150,60.88,71.4,83.68,Chennai
Cabbage,27.17,A,500,23.41,27.66,32.19,Chennai
Onion,49.18,B,500,42.19,50.19,59.79,Coimbatore
Potato,36.57,A,200,31.25,37.77,45.81,Erode
Cucumber,38.47,B,1000,32.52,40.41,48.51,Dindigul
Carrot,51.27,A,100,44.06,53.19,63.37,Salem
Brinjal,63.71,A,300,54.44,67.42,77.96,Chennai
Drumstick,55.95,B,25,50.16,56.84,69.38,Madurai
Green Chilli,46.98,C,1000,40.11,46.92,57.19,Madurai
Drumstick,44.57,B,200,38.47,46.61,54.91,Thanjavur
Green Chilli,80.88,A,150,68.99,85.54,99.57,Dindigul
Brinjal,47.23,B,500,39.68,46.99,56.65,Chennai
Cabbage,20.49,B,75,17.79,20.7,25.32,Madurai
Onion,37.66,B,200,33.11,38.43,46.7,Coimbatore
Onion,25.45,C,50,22.74,25.33,31.74,Coimbatore
Drumstick,59.46,C,200,52.59,60.64,74.92,Erode
Cabbage,21.65,B,200,18.31,22.8,27.02,Salem
Drumstick,69.19,A,200,59.14,70.32,83.06,Salem
Drumstick,51.83,B,500,44.3,54.01,61.42,Erode
Onion,31.47,A,750,25.9,33.4,37.89,Coimbatore
Cucumber,29.27,C,300,25.09,30.57,35.86,Thanjavur
Lady Finger,42.09,C,300,34.65,43.78,48.82,Trichy
Cauliflower,51.41,A,750,42.06,53.59,61.06,Trichy
Lady Finger,56.44,B,300,46.47,57.8,68.43,Madurai
Cauliflower,40.21,B,200,34.64,42.48,48.79,Trichy
Beetroot,38.93,B,500,32.79,40.47,48.12,Dindigul
Tomato,57.53,B,150,50.01,61.23,66.45,Erode
Onion,22.53,C,25,19.32,22.45,26.11,Erode
Cucumber,25.98,B,150,22.11,26.37,31.5,Trichy
Tomato,46.98,A,100,42.17,49.03,57.3,Thanjavur
Tomato,35.14,C,150,30.92,35.36,44.25,Salem
Brinjal,59.83,B,750,50.57,63.28,75.61,Chennai
Cauliflower,49.89,A,500,41.28,52.5,58.28,Coimbatore
Drumstick,43.05,B,1000,36.85,45.21,52.71,Madurai
Cauliflower,46.72,B,200,39.75,48.06,56.49,Trichy
Tomato,38.85,C,300,33.28,38.56,48.7,Erode
Brinjal,38.88,B,100,34.17,38.62,48.56,Madurai
Beetroot,52.0,A,300,43.38,52.46,60.09,Trichy
Drumstick,65.44,A,1000,53.78,69.18,82.72,Salem
Onion,31.18,C,750,26.31,32.42,37.88,Erode
Tomato,51.84,B,100,44.73,51.95,61.78,Thanjavur
Green Chilli,67.65,B,300,56.04,71.45,84.63,Salem
Potato,24.81,B,150,21.91,24.86,30.88,Dindigul
Cucumber,24.96,A,100,22.04,24.93,29.86,Dindigul
Lady Finger,33.95,B,500,28.59,36.06,40.48,Salem
Cucumber,19.07,C,750,16.2,18.97,22.66,Dindigul
Tomato,57.02,A,150,50.01,56.64,71.32,Coimbatore
Cucumber,35.72,B,150,30.35,37.57,42.72,Coimbatore
Potato,34.83,B,100,31.52,35.6,41.96,Chennai
Cauliflower,50.41,B,100,43.31,52.48,61.85,Dindigul
Drumstick,44.57,C,150,39.81,45.53,54.61,Chennai
Cabbage,43.84,A,150,39.05,44.16,51.66,Chennai
Tomato,46.63,B,200,40.31,46.72,54.9,Trichy
Brinjal,50.69,B,500,42.9,50.68,58.73,Erode
Cucumber,39.02,B,200,32.92,39.0,48.02,Madurai
Carrot,55.72,A,50,49.26,56.28,69.24,Trichy
Drumstick,42.46,B,50,37.14,43.57,51.85,Erode
Drumstick,73.91,B,750,62.91,77.33,86.56,Salem
Cucumber,20.4,B,200,17.31,20.73,25.31,Trichy
Onion,43.25,A,750,35.48,45.49,51.65,Coimbatore
Cauliflower,31.12,C,300,26.77,30.91,38.24,Madurai
Lady Finger,74.18,A,200,64.39,76.84,88.11,Chennai
Cucumber,29.77,C,500,25.18,30.56,36.55,Erode
Carrot,46.14,B,300,39.04,48.21,53.71,Thanjavur
Cabbage,24.86,A,500,20.56,26.43,29.64,Coimbatore
Lady Finger,48.93,B,200,42.33,51.08,57.74,Salem
Lady Finger,34.28,B,150,29.39,35.02,40.36,Trichy
Cauliflower,68.83,A,150,61.14,71.39,85.06,Coimbatore
Carrot,73.8,A,200,63.42,77.08,89.19,Coimbatore
Onion,28.51,C,100,25.22,30.18,33.59,Dindigul
Onion,30.65,B,500,25.62,31.72,37.53,Erode
Onion,26.03,B,150,22.16,26.56,31.76,Dindigul
Cauliflower,32.67,B,300,27.3,33.32,40.81,Trichy
Brinjal,43.22,B,150,37.09,43.54,54.12,Dindigul
Cabbage,26.79,A,300,22.18,27.43,32.68,Thanjavur
Cucumber,31.25,A,150,27.39,31.78,37.93,Trichy
Tomato,43.61,B,500,36.77,44.94,50.53,Trichy
Onion,44.61,B,25,38.41,45.67,56.1,Trichy
Brinjal,29.0,B,75,26.22,30.81,33.51,Trichy
Onion,43.09,B,150,37.58,44.24,52.93,Trichy
Carrot,50.54,A,300,41.97,52.58,63.76,Dindigul
Tomato,44.41,B,500,36.64,46.27,55.39,Dindigul
Beetroot,42.26,B,200,37.21,43.65,48.96,Chennai
Lady Finger,50.94,B,100,45.23,51.94,62.49,Trichy
Beetroot,45.59,B,25,41.2,46.52,57.02,Thanjavur
Green Chilli,72.3,B,500,60.43,73.35,88.82,Salem
Cabbage,32.0,B,150,28.38,31.96,38.87,Madurai
Green Chilli,64.81,A,150,57.09,66.05,78.06,Salem
Tomato,44.58,A,50,39.46,46.37,54.53,Erode
Green Chilli,96.35,B,500,82.88,101.27,112.44,Chennai
Brinjal,35.26,B,200,30.23,36.36,43.62,Madurai
Cucumber,44.19,B,150,39.36,43.98,55.68,Chennai
Carrot,47.46,B,200,40.22,47.58,58.04,Chennai
Brinjal,54.34,B,200,47.07,54.16,67.05,Coimbatore
Onion,35.37,C,200,29.85,37.3,43.97,Trichy
Cauliflower,52.42,A,100,47.34,53.8,65.19,Dindigul
Tomato,58.62,A,1000,49.55,61.63,73.41,Coimbatore
Green Chilli,80.88,A,150,71.83,85.53,96.56,Madurai
Beetroot,36.33,B,500,30.4,37.79,42.35,Chennai
Carrot,54.7,B,75,48.79,57.69,64.49,Madurai
Tomato,51.81,A,200,44.8,52.19,62.07,Thanjavur
Green Chilli,59.56,A,200,51.88,60.95,71.72,Thanjavur
Green Chilli,65.68,A,500,55.52,66.69,82.4,Trichy
Carrot,55.52,B,150,48.0,56.39,67.89,Erode
Tomato,63.88,A,100,56.34,67.46,78.35,Coimbatore
Cabbage,28.22,A,300,24.51,29.34,34.32,Coimbatore
Onion,25.83,B,200,22.85,25.91,31.79,Dindigul
Green Chilli,49.84,B,150,44.06,50.65,61.22,Dindigul
Carrot,40.96,C,150,34.98,43.6,51.49,Chennai
Cucumber,31.46,B,300,25.96,32.93,36.78,Trichy
Cucumber,22.76,A,50,19.72,23.11,27.24,Thanjavur
Onion,45.75,A,500,37.97,48.53,57.24,Chennai
Cabbage,31.54,B,200,27.04,32.41,37.81,Chennai
Cabbage,29.94,B,200,26.15,29.96,35.28,Madurai
Green Chilli,52.98,B,300,44.37,56.33,64.93,Dindigul
Green Chilli,92.58,A,750,77.75,95.86,114.72,Madurai
Carrot,58.23,C,300,48.13,59.73,70.49,Chennai
Carrot,62.06,B,150,53.48,63.79,74.67,Salem
Cucumber,25.25,B,200,21.96,25.28,29.33,Dindigul
Potato,23.97,B,1000,19.64,24.98,30.28,Madurai
Potato,27.09,A,100,23.3,28.22,31.47,Trichy
Carrot,53.91,C,200,45.98,55.89,65.39,Coimbatore
Cauliflower,63.86,A,150,54.67,64.98,76.67,Madurai
Cauliflower,55.28,B,100,47.63,56.46,68.65,Salem
Brinjal,33.85,B,200,28.9,35.63,41.45,Madurai
Brinjal,33.81,A,150,29.06,35.11,40.9,Madurai
Cauliflower,33.18,B,100,29.59,34.03,39.69,Salem
Carrot,56.79,B,750,48.96,59.58,67.57,Salem
Tomato,40.17,B,500,32.87,42.48,48.43,Madurai
Drumstick,75.49,B,300,64.19,75.12,91.5,Dindigul
Potato,30.28,B,300,24.92,30.17,37.36,Salem
Potato,26.62,A,200,22.81,27.28,33.66,Erode
Carrot,50.14,C,150,43.46,51.7,62.49,Dindigul
Lady Finger,36.03,B,200,31.78,37.78,42.52,Erode
Green Chilli,47.23,B,100,41.0,47.01,59.54,Madurai
Cauliflower,31.14,C,50,27.36,31.09,37.63,Thanjavur
Cucumber,31.96,A,750,26.44,32.54,38.44,Madurai
Cucumber,42.38,B,100,36.49,42.58,53.08,Madurai
Lady Finger,59.59,A,500,51.06,63.1,70.47,Salem
Brinjal,43.21,B,500,36.64,43.35,52.5,Thanjavur
Drumstick,34.98,C,75,30.14,36.53,43.55,Trichy
Potato,35.89,B,200,31.11,36.9,42.63,Dindigul
Potato,38.47,B,300,32.99,38.55,46.39,Dindigul
Lady Finger,56.68,B,100,49.01,59.85,69.57,Trichy
Green Chilli,80.71,B,200,70.35,82.17,98.0,Madurai
Carrot,57.19,B,500,46.73,59.83,70.83,Thanjavur
Carrot,69.9,B,200,60.29,69.86,83.7,Chennai
Carrot,44.84,B,75,39.82,44.4,52.67,Coimbatore
Beetroot,31.04,A,150,26.89,32.76,37.59,Thanjavur
Potato,30.64,A,300,25.23,31.46,37.41,Erode
Potato,31.76,A,300,26.29,33.1,39.28,Dindigul
Beetroot,46.79,A,200,40.06,46.75,57.83,Thanjavur
Tomato,39.17,A,500,33.42,40.93,46.53,Madurai
Tomato,44.9,B,75,39.93,47.79,55.55,Trichy
Cauliflower,29.97,C,200,26.55,30.04,36.93,Trichy
Cabbage,31.89,B,500,26.12,33.61,37.62,Salem
Brinjal,38.36,B,150,34.25,40.0,46.96,Salem
Cauliflower,43.08,B,300,36.94,43.16,52.64,Dindigul
Cucumber,34.45,B,1000,28.25,34.26,40.86,Trichy
Cucumber,45.62,A,100,39.63,47.77,54.95,Dindigul
Cabbage,38.28,A,25,33.92,39.51,45.67,Coimbatore
Onion,25.9,B,100,23.09,26.71,30.28,Trichy
Cauliflower,45.33,A,100,40.41,48.21,53.64,Salem
Potato,36.76,A,150,32.88,38.07,43.87,Dindigul
Green Chilli,60.49,A,100,54.3,62.44,73.35,Trichy
Onion,27.53,B,300,23.31,27.42,33.18,Coimbatore
Tomato,65.91,A,500,55.93,67.54,79.12,Madurai
Cauliflower,55.37,A,50,48.32,58.87,68.78,Thanjavur
Tomato,64.3,A,200,56.27,67.29,74.39,Erode
Lady Finger,35.43,B,100,31.97,36.56,43.85,Salem
Tomato,35.14,B,150,30.23,35.82,43.67,Dindigul
Cauliflower,44.42,B,50,38.96,44.62,52.21,Coimbatore
Lady Finger,62.57,A,100,54.48,64.96,73.62,Erode
Lady Finger,59.97,A,500,49.87,63.23,75.24,Madurai
Onion,26.4,C,75,22.82,27.91,32.39,Chennai
Drumstick,61.48,B,50,55.28,64.57,74.43,Salem
Tomato,35.89,B,300,30.01,38.21,45.32,Dindigul
Drumstick,75.51,A,50,64.67,79.42,88.96,Dindigul
Brinjal,63.14,A,500,53.18,65.87,75.11,Chennai
Drumstick,59.75,B,150,52.04,62.86,71.21,Madurai
Beetroot,46.2,B,50,40.05,46.23,55.13,Erode
Onion,34.92,B,200,30.53,36.69,43.58,Madurai
Drumstick,88.47,A,50,77.03,87.61,108.81,Chennai
Cabbage,33.87,B,50,29.09,34.39,42.35,Trichy
Cabbage,21.17,A,100,18.79,22.45,26.48,Dindigul
Cauliflower,48.62,B,100,43.78,50.58,59.15,Trichy
Drumstick,59.79,B,500,50.38,60.9,75.49,Madurai
Drumstick,67.76,A,25,61.2,67.73,83.53,Coimbatore
Potato,42.33,B,25,38.23,44.21,50.31,Chennai
Cauliflower,60.97,A,50,54.27,62.83,71.07,Trichy
Green Chilli,59.17,B,500,48.52,59.58,73.1,Erode
Green Chilli,96.88,A,500,80.63,98.38,122.43,Coimbatore
Cauliflower,61.44,A,25,54.33,65.42,76.75,Erode
Brinjal,36.16,A,200,31.61,37.22,41.9,Salem
Potato,43.91,A,25,39.07,43.74,55.11,Trichy
Green Chilli,61.13,C,200,53.11,63.23,75.33,Chennai
Carrot,38.89,B,150,33.86,40.4,48.98,Dindigul
Onion,40.76,B,300,33.59,41.13,48.7,Chennai
Cucumber,24.56,A,100,22.19,24.92,29.67,Thanjavur
Lady Finger,37.87,B,75,33.35,37.5,43.77,Thanjavur
Lady Finger,46.37,B,150,40.26,46.67,55.59,Chennai
Cabbage,33.06,A,100,29.61,34.04,41.38,Thanjavur
Cauliflower,54.78,A,25,48.07,58.05,64.27,Trichy
Lady Finger,61.24,B,300,51.02,63.73,72.73,Coimbatore
Beetroot,35.64,C,500,29.1,37.2,44.41,Dindigul
Tomato,33.14,C,300,28.47,34.45,38.61,Dindigul
Cucumber,22.64,B,50,19.76,24.01,27.81,Erode
Green Chilli,80.08,A,25,71.01,84.76,97.88,Madurai
Cucumber,26.28,B,750,21.54,27.07,30.76,Chennai
Tomato,39.67,B,200,34.36,39.4,46.36,Trichy
Tomato,58.22,A,300,50.15,60.66,69.99,Dindigul
Potato,29.89,A,500,25.04,31.38,37.23,Salem
Cucumber,26.75,C,100,23.65,27.22,32.66,Coimbatore
Carrot,49.94,B,75,43.77,49.97,62.56,Coimbatore
Tomato,37.31,A,300,31.77,37.89,43.39,Dindigul
Drumstick,80.85,A,200,71.08,83.56,98.36,Trichy
Carrot,55.52,A,25,48.87,58.97,66.47,Trichy
Drumstick,58.25,A,75,49.87,60.97,70.21,Thanjavur
Beetroot,32.51,B,150,28.28,33.27,41.11,Salem
Green Chilli,77.59,A,75,66.46,82.46,96.22,Trichy
Brinjal,39.55,B,75,34.3,41.64,47.23,Salem
Onion,29.29,B,200,25.52,29.52,36.51,Erode
Carrot,68.19,A,1000,56.17,71.69,80.32,Chennai
Tomato,46.97,C,200,40.79,47.21,56.3,Chennai
Cucumber,30.99,B,100,27.99,32.79,38.25,Salem
Cucumber,39.78,A,50,35.6,40.21,49.79,Thanjavur
Cucumber,32.11,A,1000,26.96,33.87,39.17,Thanjavur
Beetroot,35.89,A,500,29.97,36.91,43.4,Coimbatore
Onion,38.28,C,150,33.97,40.1,46.63,Trichy
Potato,20.35,C,25,18.05,20.6,24.04,Erode
Cabbage,30.35,B,300,26.26,30.09,36.65,Chennai
Cabbage,25.76,C,300,21.94,27.09,30.7,Chennai
Potato,38.1,B,1000,31.47,40.56,44.38,Erode
Cauliflower,61.89,B,300,51.23,64.77,76.72,Chennai
Green Chilli,62.55,C,50,54.73,65.31,74.17,Dindigul
Carrot,47.01,A,200,40.85,48.58,57.91,Thanjavur
Potato,33.39,C,50,29.96,33.67,40.33,Chennai
Onion,40.22,B,100,36.12,41.03,47.75,Madurai
Lady Finger,34.7,A,200,30.51,35.79,40.92,Thanjavur
Brinjal,56.58,A,50,50.89,58.15,68.14,Chennai
Beetroot,28.78,B,300,23.96,30.04,35.85,Coimbatore
Lady Finger,47.5,B,75,42.45,47.99,57.45,Dindigul
Onion,41.47,B,100,36.29,41.38,48.76,Madurai
Beetroot,48.06,A,50,43.11,47.59,56.81,Madurai
Green Chilli,57.71,A,150,49.62,60.78,68.65,Erode
Carrot,41.95,C,750,35.01,44.56,48.86,Madurai
Beetroot,34.59,B,300,29.56,34.26,40.59,Dindigul
Brinjal,59.37,B,500,51.18,61.91,70.52,Chennai
Brinjal,46.94,B,25,40.98,49.84,56.8,Coimbatore
Green Chilli,61.89,B,150,53.52,61.52,76.71,Chennai
Onion,41.43,B,100,36.78,42.48,51.86,Salem
Tomato,51.63,B,100,44.49,53.63,63.82,Coimbatore
Cucumber,27.26,B,300,22.63,28.81,32.35,Thanjavur
Potato,26.08,A,200,22.2,27.45,30.17,Salem
Brinjal,30.29,A,50,26.52,31.1,36.33,Thanjavur
Tomato,34.84,B,150,31.15,35.85,42.84,Coimbatore
Carrot,59.35,B,200,52.57,59.32,68.66,Dindigul
Drumstick,45.46,B,100,38.91,46.0,56.37,Dindigul
Beetroot,38.33,A,25,33.34,39.8,48.38,Dindigul
Potato,36.94,B,200,31.48,37.14,43.28,Trichy
Lady Finger,67.57,B,200,58.18,67.19,83.03,Chennai
Carrot,36.84,C,200,32.05,38.26,44.83,Madurai
Cabbage,33.16,A,200,29.24,34.94,39.45,Trichy
Potato,30.68,C,750,25.29,31.86,38.17,Chennai
Carrot,52.24,A,750,44.42,51.96,61.19,Thanjavur
Brinjal,41.84,B,75,37.78,43.09,49.44,Coimbatore
Beetroot,32.01,C,750,27.3,33.0,37.6,Salem
Potato,24.47,C,750,20.77,24.48,30.94,Thanjavur
Onion,44.66,B,50,39.61,45.88,53.58,Chennai
Drumstick,50.26,B,150,44.83,50.42,59.23,Madurai
Onion,49.21,A,300,41.23,51.29,58.98,Madurai
Onion,28.66,B,200,25.02,28.9,35.12,Madurai
Cauliflower,51.32,A,500,43.13,50.85,59.33,Trichy
Brinjal,30.38,C,300,25.26,30.81,37.92,Coimbatore
Lady Finger,51.75,A,25,45.49,53.8,60.44,Erode
Green Chilli,77.69,B,1000,63.6,81.35,92.91,Thanjavur
Carrot,67.56,B,1000,57.02,68.69,83.88,Coimbatore
Carrot,44.38,B,300,36.94,44.58,55.75,Salem
Carrot,42.46,B,25,36.38,42.59,53.09,Dindigul
Green Chilli,71.55,B,200,61.45,72.59,89.25,Salem
Cucumber,34.98,C,750,29.26,36.67,42.23,Dindigul
Onion,35.82,A,100,31.69,35.55,43.88,Coimbatore
Drumstick,88.81,A,150,75.59,93.43,103.04,Coimbatore
Carrot,47.4,B,500,39.87,48.57,54.99,Madurai
Carrot,40.06,C,200,34.61,41.43,46.54,Dindigul
Cabbage,20.57,B,75,17.6,21.04,25.76,Salem
Cabbage,26.23,A,300,22.34,26.79,32.49,Dindigul
Beetroot,38.28,C,100,33.25,38.25,45.63,Madurai
Cabbage,27.28,C,150,23.89,28.36,31.74,Coimbatore
Beetroot,36.33,A,200,30.92,37.68,43.88,Madurai
Tomato,43.94,C,50,38.8,46.07,54.18,Coimbatore
Potato,27.29,C,75,23.58,27.22,33.93,Coimbatore
Cauliflower,56.29,B,100,50.4,56.55,67.16,Madurai
Cabbage,28.76,C,300,24.61,29.69,36.22,Coimbatore
Tomato,36.24,B,500,30.86,36.92,41.96,Trichy
Carrot,72.9,A,1000,61.05,73.46,89.85,Chennai
Potato,37.44,B,50,32.95,39.08,46.79,Thanjavur
Potato,28.27,B,500,23.3,28.64,33.55,Chennai
Lady Finger,51.59,B,100,45.72,53.29,64.31,Thanjavur
Potato,44.34,A,50,39.13,44.86,52.71,Chennai
Drumstick,56.91,B,300,47.82,56.63,70.64,Coimbatore
Onion,45.75,A,50,39.59,46.6,57.79,Erode
Carrot,36.56,B,500,31.22,37.84,46.21,Thanjavur
Lady Finger,50.33,C,25,44.17,53.52,58.7,Madurai
Beetroot,30.78,C,75,27.21,30.94,37.31,Salem
Cauliflower,51.59,B,300,43.9,53.2,63.5,Chennai
Beetroot,33.59,B,750,27.54,34.34,41.37,Chennai
Potato,38.66,A,300,33.04,39.36,47.05,Coimbatore
Green Chilli,68.34,B,200,58.1,67.67,80.24,Trichy
Potato,34.34,B,100,30.97,34.02,42.58,Madurai
Carrot,42.53,A,300,35.7,45.09,51.66,Madurai
Potato,39.27,A,200,34.33,39.51,48.23,Trichy
Beetroot,33.82,B,750,27.75,35.53,42.27,Madurai
Carrot,46.71,B,1000,38.65,48.16,57.39,Salem
Onion,46.43,A,500,38.03,49.14,53.78,Coimbatore
Tomato,38.09,A,750,31.74,38.92,44.89,Trichy
Tomato,48.35,B,150,43.04,49.25,58.46,Chennai
Lady Finger,44.06,B,100,39.85,44.58,54.63,Thanjavur
Tomato,59.13,A,150,52.58,62.6,73.88,Trichy
Onion,34.7,B,500,29.39,36.52,41.99,Erode
Onion,49.89,A,150,43.47,52.33,60.91,Coimbatore
Carrot,34.85,B,200,30.78,34.78,43.18,Thanjavur
Cabbage,34.1,B,50,30.03,35.77,42.92,Madurai
Onion,43.03,B,150,38.14,42.62,54.07,Dindigul
Drumstick,52.17,B,300,43.01,55.06,65.01,Erode
Cauliflower,50.09,B,150,43.07,50.46,59.61,Erode
Green Chilli,61.87,B,75,55.55,64.39,77.16,Thanjavur
Cauliflower,44.41,B,200,37.56,46.21,52.17,Erode
Carrot,48.85,B,300,42.12,50.31,60.66,Dindigul
Cabbage,19.48,A,75,17.52,19.64,23.26,Thanjavur
Cucumber,40.82,A,200,34.7,40.59,48.91,Chennai
Potato,41.79,A,200,36.16,42.68,50.24,Thanjavur
Potato,40.18,B,75,35.36,41.02,50.26,Chennai
Onion,25.74,B,200,21.72,26.14,30.14,Salem
Beetroot,38.09,A,750,31.48,39.16,45.76,Trichy
Tomato,32.11,B,200,27.78,33.3,39.51,Thanjavur
Cucumber,42.24,A,200,37.12,44.42,52.7,Erode
Potato,43.85,A,150,37.51,46.22,54.9,Coimbatore
Potato,37.65,A,500,32.37,37.85,43.77,Chennai
Cabbage,25.33,B,1000,20.77,26.31,29.47,Thanjavur
Onion,32.53,B,1000,27.43,32.99,38.36,Salem
Cabbage,20.32,A,150,17.67,21.22,24.94,Thanjavur
Drumstick,56.77,A,300,47.91,56.22,70.59,Erode
Lady Finger,55.14,A,150,48.17,56.75,65.81,Dindigul
Beetroot,48.91,A,300,41.89,49.05,57.54,Coimbatore
Cucumber,37.98,B,300,32.26,39.47,47.58,Thanjavur
Brinjal,30.8,B,200,26.89,31.12,36.26,Salem
Drumstick,53.95,A,150,48.09,55.46,63.42,Trichy
Tomato,43.63,B,500,37.0,45.8,51.7,Madurai
Cabbage,36.99,A,300,30.94,37.37,43.5,Trichy
Beetroot,41.17,A,100,36.56,43.27,51.07,Thanjavur
Cauliflower,37.1,A,300,31.11,37.93,42.98,Dindigul
Cabbage,30.6,B,500,25.91,32.27,37.99,Thanjavur
Green Chilli,77.11,A,300,64.91,80.19,89.86,Erode
Lady Finger,60.08,B,1000,51.43,63.55,75.56,Chennai
Drumstick,42.23,B,150,36.94,42.77,50.25,Erode
Potato,33.83,C,150,28.65,33.69,40.23,Coimbatore
Cabbage,34.76,A,300,29.04,34.75,42.1,Thanjavur
Beetroot,33.66,C,150,29.14,33.49,41.24,Chennai
Potato,28.41,B,200,24.6,29.98,34.0,Chennai
Onion,38.69,B,150,33.59,39.73,48.35,Dindigul
Beetroot,33.2,C,750,28.43,33.77,41.5,Coimbatore
Lady Finger,42.57,C,50,37.77,45.26,49.5,Dindigul
Cabbage,35.92,B,150,30.77,35.67,43.78,Chennai
Tomato,27.36,C,300,22.49,27.44,32.96,Salem
Lady Finger,54.61,B,300,47.32,57.68,66.59,Thanjavur
Tomato,32.34,B,300,26.69,33.46,39.85,Thanjavur
Lady Finger,57.07,A,750,49.0,59.32,67.24,Madurai
Drumstick,55.35,B,500,47.53,55.32,65.15,Dindigul
Brinjal,44.17,B,200,39.05,46.3,51.64,Madurai
Cucumber,29.29,B,300,25.29,29.66,35.6,Dindigul
Onion,28.81,B,200,24.21,30.55,33.51,Madurai
Brinjal,41.93,C,1000,35.12,42.39,52.12,Coimbatore
Lady Finger,38.71,A,100,33.78,40.28,44.98,Salem
Brinjal,32.79,B,150,29.16,32.84,38.17,Madurai
Onion,41.58,A,500,34.22,42.97,50.33,Dindigul
Lady Finger,47.91,A,500,40.13,50.97,57.43,Chennai
Cauliflower,46.81,A,75,40.83,48.26,59.17,Madurai
Tomato,37.89,A,50,33.46,39.69,47.69,Dindigul
Beetroot,41.56,B,300,35.23,43.29,51.01,Chennai
Green Chilli,57.92,B,300,48.7,59.57,72.65,Chennai
Tomato,52.37,A,200,45.14,54.38,61.81,Trichy
Cauliflower,57.07,A,75,50.42,57.29,67.66,Erode
Cucumber,49.58,A,100,44.69,52.7,60.39,Chennai
Green Chilli,81.83,A,150,69.62,84.43,102.12,Thanjavur
Brinjal,22.83,C,100,20.11,23.49,27.84,Thanjavur
Carrot,51.42,B,50,44.93,51.8,60.89,Salem
Tomato,45.29,A,100,40.87,48.04,55.35,Dindigul
Drumstick,64.91,B,25,58.01,67.69,79.37,Madurai
Cabbage,30.44,B,750,25.4,31.75,36.75,Madurai
Drumstick,40.48,B,300,33.66,42.1,48.83,Salem
Cucumber,38.59,A,100,34.64,40.89,48.8,Dindigul
Cucumber,28.7,B,150,24.95,30.08,36.04,Chennai
Lady Finger,45.4,C,200,38.49,45.14,55.28,Erode
Tomato,55.57,A,200,49.09,56.62,64.58,Trichy
Brinjal,39.38,B,500,32.59,40.0,45.61,Salem
Potato,40.35,B,100,35.73,42.0,48.01,Madurai
Onion,34.69,C,300,28.93,35.07,43.74,Thanjavur
Carrot,58.43,B,300,50.74,59.22,69.68,Madurai
Lady Finger,41.27,B,150,36.64,43.76,48.52,Erode
Onion,33.42,A,100,29.76,33.77,39.85,Coimbatore
Green Chilli,55.96,B,200,48.71,58.56,69.28,Dindigul
Beetroot,42.68,C,300,35.14,42.27,50.29,Chennai
Brinjal,40.67,B,750,34.95,43.04,48.38,Coimbatore
Cauliflower,41.56,A,75,36.24,42.48,51.8,Erode
Cabbage,25.71,B,100,22.61,26.03,31.38,Salem
Green Chilli,58.79,B,150,49.89,59.16,68.0,Salem
Drumstick,85.23,A,200,74.34,87.01,103.7,Madurai
Carrot,47.73,A,500,39.2,47.53,57.03,Trichy
Drumstick,47.14,B,750,40.26,49.14,57.65,Salem
Drumstick,88.52,A,500,75.44,91.36,104.63,Coimbatore
Cucumber,21.53,B,500,17.82,21.54,25.14,Madurai
Green Chilli,58.03,B,1000,48.97,58.05,71.42,Coimbatore
Beetroot,25.96,B,750,22.18,26.0,30.13,Salem
Cabbage,36.52,A,150,32.56,37.7,42.92,Madurai
Lady Finger,51.73,B,500,42.92,52.01,59.85,Salem
Brinjal,40.54,A,200,35.83,41.08,47.93,Thanjavur
Drumstick,55.25,B,750,47.34,55.63,65.27,Erode
Potato,29.06,C,50,25.36,29.97,34.85,Dindigul
Cucumber,34.86,A,750,30.06,35.67,43.14,Erode
Cabbage,23.35,B,100,20.3,24.09,27.04,Madurai
Carrot,54.92,A,300,45.33,55.67,69.28,Salem
Green Chilli,91.9,A,750,79.06,95.36,112.51,Dindigul
Potato,29.99,B,300,25.23,31.33,37.35,Thanjavur
Cauliflower,61.28,A,100,52.73,64.2,74.16,Salem
Beetroot,43.79,A,100,39.41,44.06,54.83,Madurai
Potato,46.14,A,1000,38.54,48.2,55.04,Madurai
Cabbage,34.81,B,150,30.81,35.15,43.99,Erode
Potato,33.87,B,300,28.0,35.92,39.8,Trichy
Potato,29.91,A,200,25.67,29.97,35.11,Salem
Green Chilli,42.25,C,150,35.97,41.88,51.88,Madurai
Carrot,49.41,A,25,44.31,52.53,57.8,Erode
Onion,53.7,A,100,47.04,53.2,67.09,Coimbatore
Drumstick,60.89,C,100,52.82,63.47,72.77,Madurai
Carrot,42.1,A,200,36.45,44.06,49.24,Dindigul
Cauliflower,34.7,A,150,29.65,34.93,41.29,Thanjavur
Carrot,40.95,A,75,35.12,42.47,48.6,Salem
Cauliflower,57.1,A,500,48.7,59.65,69.0,Erode
Carrot,53.6,A,100,48.27,55.27,66.24,Chennai
Carrot,57.61,B,50,49.35,58.72,70.95,Madurai
Drumstick,42.38,C,150,36.52,42.34,49.46,Thanjavur
Cabbage,24.46,C,75,21.58,24.41,28.37,Thanjavur
Cauliflower,30.68,B,25,27.75,30.44,36.94,Thanjavur
Cauliflower,47.38,C,300,40.2,49.98,56.23,Coimbatore
Brinjal,39.76,B,150,34.31,41.05,49.65,Erode
Cauliflower,36.68,B,50,31.54,37.97,44.47,Salem
Cucumber,31.45,B,75,27.91,32.97,39.06,Dindigul
Beetroot,27.72,B,100,23.83,29.45,32.43,Erode
Potato,34.06,C,500,27.82,33.73,40.76,Madurai
Cucumber,33.83,A,750,28.15,35.17,41.51,Trichy
Brinjal,45.27,A,500,37.06,47.31,53.98,Thanjavur
Beetroot,27.41,C,150,23.22,27.31,32.44,Trichy
Carrot,48.75,B,200,41.26,49.34,59.86,Dindigul
Onion,35.91,B,75,30.75,36.53,43.64,Salem
Brinjal,54.98,A,500,45.29,57.95,69.5,Madurai
Cabbage,32.22,B,200,27.48,33.92,39.39,Thanjavur
Cabbage,39.11,A,50,35.24,39.67,45.72,Chennai
Cauliflower,56.17,A,750,48.11,56.15,65.66,Dindigul
Cucumber,40.2,B,300,33.2,41.01,49.66,Trichy
Drumstick,42.56,A,300,35.66,42.95,49.22,Thanjavur
Cauliflower,50.11,C,200,43.25,49.93,60.9,Erode
Cabbage,25.19,B,100,21.66,25.53,29.36,Madurai
Drumstick,48.73,C,200,42.92,51.88,59.41,Dindigul
Tomato,45.64,A,150,40.15,47.52,54.29,Dindigul
Potato,24.31,B,200,21.2,25.34,30.09,Trichy
Carrot,66.01,B,200,55.92,65.48,78.31,Chennai
Carrot,61.71,B,75,53.15,65.55,72.01,Dindigul
Beetroot,38.2,B,50,32.77,38.12,46.58,Dindigul
Cauliflower,40.73,A,750,34.27,41.15,48.83,Thanjavur
Carrot,37.64,B,1000,31.71,37.64,47.17,Thanjavur
Cauliflower,56.42,C,300,48.4,57.28,71.01,Chennai
Brinjal,47.67,B,1000,40.82,48.28,60.13,Thanjavur
Carrot,53.87,C,100,47.05,55.55,66.9,Chennai
Onion,34.13,B,500,28.63,33.99,40.05,Coimbatore
Potato,22.72,B,50,20.49,23.98,27.37,Thanjavur
Green Chilli,90.37,A,200,77.75,92.16,108.91,Chennai
Green Chilli,52.43,B,75,45.3,52.94,63.59,Madurai
Onion,24.37,C,75,21.66,24.2,29.81,Thanjavur
Cabbage,21.75,A,150,18.52,21.72,25.73,Madurai
Carrot,57.57,B,200,48.65,57.73,72.05,Madurai
Potato,24.58,C,200,21.23,24.92,29.66,Dindigul
Green Chilli,69.67,A,500,59.94,70.86,82.83,Coimbatore
Cauliflower,59.21,A,1000,48.85,61.83,68.65,Salem
Cabbage,31.66,B,750,26.86,32.48,39.38,Chennai
Cabbage,35.88,A,50,32.14,36.27,41.96,Thanjavur
Onion,32.13,A,50,27.77,32.92,39.77,Coimbatore
Beetroot,29.53,B,150,25.29,29.82,35.74,Trichy
Lady Finger,61.91,A,150,53.77,61.36,73.2,Thanjavur
Cauliflower,32.83,B,200,27.54,34.52,40.9,Coimbatore
Brinjal,56.02,A,200,47.96,58.09,64.78,Madurai
Potato,30.62,B,200,26.23,32.27,38.57,Chennai
Potato,29.98,A,200,25.13,29.74,36.45,Erode
Potato,31.34,A,50,28.23,32.85,39.03,Erode
Cabbage,26.48,B,150,23.19,27.12,31.9,Erode
Onion,37.67,C,300,32.15,37.76,43.75,Coimbatore
Cabbage,19.13,B,750,15.7,19.35,23.51,Dindigul
Green Chilli,66.35,B,200,56.94,65.8,79.08,Coimbatore
Green Chilli,97.51,A,200,86.3,97.37,117.88,Madurai
Brinjal,47.96,A,75,42.41,47.88,57.14,Trichy
Cucumber,34.49,B,300,29.7,34.98,42.44,Dindigul
Cabbage,26.5,A,150,23.71,26.59,32.93,Salem
Onion,35.9,B,200,31.54,37.71,44.89,Coimbatore
Tomato,34.57,B,150,30.2,35.27,41.9,Salem
Cabbage,30.65,A,150,26.15,30.71,38.6,Thanjavur
Brinjal,45.25,C,75,39.49,47.07,54.67,Madurai
Cauliflower,54.83,A,200,46.38,56.22,66.67,Erode
Cucumber,44.5,A,100,39.1,44.2,54.82,Madurai
Drumstick,55.67,B,75,49.03,55.66,67.0,Trichy
Carrot,30.01,C,300,24.89,30.43,36.03,Salem
Drumstick,48.69,A,100,41.88,48.67,59.31,Trichy
Tomato,59.48,A,150,50.71,60.01,72.9,Erode
Green Chilli,48.37,B,200,41.28,50.16,60.17,Salem
Green Chilli,64.95,A,100,56.07,65.18,80.67,Erode
Onion,38.55,B,200,32.43,40.57,45.28,Madurai
Beetroot,31.12,B,100,27.23,32.7,35.99,Madurai
Lady Finger,45.05,A,100,39.26,46.48,55.53,Trichy
Brinjal,53.2,B,500,43.49,55.61,62.67,Coimbatore
Green Chilli,60.68,B,50,52.3,60.08,76.11,Erode
Beetroot,37.56,A,150,33.49,37.3,45.5,Salem
Cabbage,24.63,C,500,20.21,25.1,29.46,Erode
Brinjal,36.15,A,100,31.01,36.28,45.59,Dindigul
Beetroot,42.53,B,150,36.31,42.77,50.59,Dindigul
Brinjal,32.67,B,200,28.85,34.33,40.7,Chennai
Green Chilli,71.53,C,75,64.58,72.83,85.28,Coimbatore
Green Chilli,51.83,B,100,45.13,54.45,64.85,Erode
Cauliflower,43.69,B,750,35.88,46.05,52.04,Chennai
Cauliflower,36.48,B,100,31.75,36.29,42.84,Trichy
Potato,39.94,A,100,36.03,42.15,47.4,Madurai
Cabbage,39.19,B,200,33.0,40.7,47.96,Chennai
Potato,39.87,A,1000,32.97,39.74,46.91,Thanjavur
Drumstick,74.44,B,150,65.14,75.41,89.88,Chennai
Brinjal,47.28,B,50,42.4,49.18,58.23,Erode
Tomato,37.72,B,150,33.58,37.48,47.56,Coimbatore
Onion,47.53,A,300,40.98,47.53,60.01,Coimbatore
Carrot,41.09,A,100,36.21,41.2,48.21,Trichy
Cauliflower,36.3,A,150,30.84,37.02,43.82,Salem
Brinjal,32.5,C,150,28.17,34.16,40.73,Thanjavur
Onion,28.1,B,100,24.09,29.78,34.5,Madurai
Cabbage,20.97,C,750,17.47,20.85,24.69,Trichy
Brinjal,32.62,A,750,27.95,34.11,38.28,Madurai
Cabbage,38.44,A,750,32.17,38.4,46.56,Chennai
Onion,48.94,A,300,40.43,48.58,61.88,Chennai
Onion,30.64,B,300,25.27,31.37,37.88,Dindigul
Drumstick,74.81,B,500,63.48,74.24,90.81,Dindigul
Carrot,51.76,B,200,44.08,54.28,64.83,Chennai
Tomato,35.33,C,200,31.09,35.84,44.51,Coimbatore
Lady Finger,74.46,A,50,67.36,79.03,87.13,Chennai
Cauliflower,36.8,B,100,32.13,37.64,46.45,Chennai
Potato,37.12,B,150,32.72,39.52,44.16,Trichy
Cauliflower,55.64,B,300,46.43,56.45,64.39,Trichy
Onion,46.74,A,50,40.36,47.94,57.78,Salem
Cucumber,19.77,C,200,17.31,20.96,24.81,Chennai
Green Chilli,51.61,C,100,44.87,52.56,61.85,Chennai
Cauliflower,36.43,B,100,32.06,38.24,45.04,Erode
Carrot,57.58,A,50,50.32,58.79,66.76,Trichy
Beetroot,38.24,C,150,32.45,38.37,45.82,Salem
Green Chilli,82.07,A,50,74.19,83.6,101.79,Salem
Beetroot,34.12,B,75,30.78,36.13,42.74,Chennai
Onion,40.75,A,100,36.14,41.43,47.73,Chennai
Onion,30.79,B,75,26.63,31.03,36.57,Thanjavur
Cucumber,33.15,B,300,28.35,33.3,40.01,Erode
Beetroot,42.98,A,150,36.8,43.88,49.98,Madurai
Beetroot,35.01,C,150,29.79,35.19,42.54,Trichy
Lady Finger,64.4,A,25,56.62,64.35,76.57,Trichy
Tomato,63.97,A,75,57.06,65.95,80.1,Trichy
Lady Finger,38.97,B,75,35.11,39.54,46.61,Madurai
Tomato,61.66,A,300,52.38,65.11,71.55,Salem
Drumstick,83.58,A,50,73.5,87.08,98.94,Dindigul
Tomato,38.43,B,750,32.39,38.9,46.2,Madurai
Lady Finger,55.38,B,500,47.83,58.12,67.63,Dindigul
Carrot,67.44,A,150,57.15,67.08,80.76,Erode
Lady Finger,47.86,B,200,41.65,48.17,55.87,Salem
Cauliflower,43.51,B,100,39.31,45.41,54.84,Trichy
Cucumber,43.8,A,200,38.03,45.6,53.8,Thanjavur
Brinjal,31.63,B,25,27.61,32.11,37.89,Coimbatore
Cucumber,41.95,A,200,36.66,43.96,52.96,Madurai
Potato,27.33,C,200,23.14,27.28,34.1,Madurai
Cabbage,22.42,A,200,19.42,22.54,27.99,Thanjavur
Brinjal,52.13,A,100,46.73,54.5,64.74,Erode
Green Chilli,64.5,A,200,56.41,67.9,79.49,Dindigul
Beetroot,33.65,B,100,29.94,33.8,39.2,Erode
Onion,26.23,B,500,22.43,26.92,30.46,Trichy
Beetroot,40.13,B,750,33.88,40.1,46.89,Salem
Beetroot,37.92,A,200,31.82,38.25,45.5,Madurai
Beetroot,54.23,A,500,44.95,56.84,64.94,Chennai
Cabbage,31.37,A,150,28.0,33.23,37.96,Madurai
Tomato,34.27,B,200,29.28,36.3,39.63,Madurai
Tomato,51.75,B,50,46.76,53.24,63.27,Chennai
Cauliflower,54.52,B,300,45.95,57.43,63.66,Erode
Beetroot,32.01,B,1000,26.85,33.59,38.39,Thanjavur
Lady Finger,49.53,B,200,43.79,49.96,57.75,Thanjavur
Brinjal,50.61,B,150,44.47,51.43,61.89,Madurai
Cucumber,40.05,A,1000,34.56,42.25,48.9,Salem
Lady Finger,55.62,A,150,48.41,58.23,65.97,Trichy
Tomato,30.36,C,200,26.79,31.44,36.89,Coimbatore
Potato,33.98,A,50,30.33,35.95,42.02,Salem
Onion,32.01,C,25,28.0,33.73,38.19,Salem
Cauliflower,55.08,B,75,48.57,55.32,67.98,Erode
Green Chilli,85.61,A,200,74.54,87.33,101.68,Salem
Carrot,44.84,A,300,38.83,47.74,54.01,Salem
Tomato,43.33,B,1000,36.09,46.1,54.05,Chennai
Brinjal,45.08,A,500,38.71,44.92,54.73,Madurai
Cabbage,33.77,B,75,30.46,35.34,42.51,Coimbatore
Beetroot,37.09,A,300,30.83,38.46,46.61,Thanjavur
Potato,30.57,A,100,26.74,30.81,35.99,Madurai
Cabbage,17.01,C,150,14.74,17.15,20.83,Coimbatore
Green Chilli,60.81,C,200,52.9,61.45,74.21,Salem
Green Chilli,76.19,B,100,65.36,77.14,91.97,Dindigul
Cauliflower,48.45,A,50,42.84,51.18,56.77,Erode
Tomato,40.76,B,300,34.26,41.89,47.11,Thanjavur
Lady Finger,34.73,B,150,31.08,35.48,42.03,Erode
Lady Finger,48.3,B,500,41.43,49.47,58.31,Trichy
Cucumber,28.2,C,50,25.33,28.93,32.78,Thanjavur
Cauliflower,52.94,B,75,47.45,54.62,61.46,Salem
Cucumber,27.72,B,150,24.64,28.08,32.6,Erode
Carrot,69.33,B,75,59.31,69.03,82.95,Coimbatore
Onion,36.99,A,100,31.72,37.87,43.76,Salem
Drumstick,64.6,B,50,58.34,67.04,80.06,Coimbatore
Tomato,36.41,A,75,31.88,38.6,43.88,Trichy
Potato,25.94,B,200,22.45,27.22,32.77,Coimbatore
Cucumber,41.59,B,500,34.93,44.13,48.3,Madurai
Cauliflower,40.83,B,1000,33.62,42.19,48.42,Coimbatore
Potato,34.21,B,500,28.57,35.01,42.25,Erode
Cabbage,25.06,A,50,21.8,26.62,31.54,Salem
Potato,37.22,B,25,33.33,39.5,43.36,Salem
Beetroot,37.68,C,25,33.22,39.25,46.62,Madurai
Brinjal,43.65,C,100,39.24,43.53,50.68,Dindigul
Green Chilli,85.61,A,50,74.36,85.42,101.66,Salem
Beetroot,28.07,B,500,24.01,27.81,35.18,Trichy
Cucumber,30.65,B,500,25.87,31.13,38.13,Trichy
Tomato,49.02,A,100,41.93,50.91,59.37,Salem
Onion,32.25,C,500,26.55,33.31,40.33,Erode
Cabbage,24.43,B,50,21.45,24.91,30.55,Dindigul
Lady Finger,48.36,B,200,42.15,50.91,57.57,Dindigul
Cucumber,28.8,A,100,24.79,29.01,33.6,Coimbatore
Lady Finger,45.74,A,200,39.04,45.94,54.38,Trichy
Cucumber,30.38,B,200,26.92,30.63,37.36,Dindigul
Potato,33.4,B,25,29.38,35.54,39.6,Coimbatore
Onion,45.28,B,150,39.02,48.01,55.67,Coimbatore
Potato,39.89,A,100,34.61,42.12,46.47,Chennai
Lady Finger,59.68,A,300,49.01,61.37,69.85,Trichy
Cabbage,22.4,C,150,19.3,23.38,26.76,Coimbatore
Lady Finger,37.33,B,300,30.66,38.76,43.86,Coimbatore
Tomato,67.07,B,500,55.49,67.28,83.85,Chennai
Cabbage,36.32,A,500,31.37,38.44,45.36,Dindigul
Green Chilli,69.39,B,750,57.17,72.61,84.48,Trichy
Potato,40.7,A,300,33.75,41.97,50.21,Chennai
Potato,35.38,A,100,31.9,35.36,43.41,Erode
Onion,37.64,B,100,33.03,37.72,44.73,Madurai
Cabbage,28.77,B,50,25.52,30.28,35.06,Thanjavur
Carrot,50.86,B,25,45.11,50.66,61.18,Trichy
Beetroot,46.73,A,500,38.52,46.63,54.72,Dindigul
Cucumber,31.49,B,50,27.95,33.23,39.24,Madurai
Lady Finger,38.18,A,25,33.14,38.19,45.19,Salem
Cabbage,22.62,C,500,19.24,22.59,27.96,Salem
Cabbage,27.15,A,150,24.04,28.1,33.31,Salem
Cabbage,25.12,A,150,21.7,24.91,29.27,Madurai
Onion,31.12,B,300,27.01,32.93,37.44,Chennai
Potato,42.13,A,300,35.51,41.88,50.63,Dindigul
Cucumber,27.21,C,100,23.98,27.08,34.34,Thanjavur
Tomato,47.84,B,300,40.78,49.92,56.66,Chennai
Lady Finger,54.7,A,25,48.41,57.73,68.54,Salem
Lady Finger,35.86,B,300,30.85,36.16,43.08,Erode
Green Chilli,81.65,A,300,68.33,82.39,99.97,Chennai
Brinjal,42.35,B,200,36.8,43.6,51.63,Erode
Beetroot,30.46,B,75,26.33,30.29,37.15,Madurai
Lady Finger,36.26,A,200,31.83,36.78,43.27,Salem
Drumstick,50.05,C,100,44.89,52.24,61.59,Erode
Beetroot,32.16,B,300,26.87,33.67,39.33,Dindigul
Cauliflower,41.2,B,100,36.46,41.78,51.1,Madurai
Beetroot,45.36,B,300,38.31,48.14,53.88,Madurai
Tomato,32.86,B,1000,27.16,34.47,40.75,Trichy
Lady Finger,31.68,B,200,26.57,33.55,39.99,Thanjavur
Carrot,67.75,A,100,60.96,69.99,80.87,Erode
Tomato,56.82,B,750,46.84,56.26,71.77,Dindigul
Green Chilli,91.23,A,150,78.39,96.33,107.34,Madurai
Onion,28.91,B,200,25.19,29.03,35.04,Trichy
Cucumber,44.69,A,150,39.1,45.97,54.14,Erode
Brinjal,40.8,B,300,35.13,42.06,47.51,Erode
Carrot,42.09,A,150,36.1,42.35,48.86,Salem
Cauliflower,46.45,A,750,39.19,48.89,58.72,Salem
Brinjal,45.95,B,1000,39.68,47.86,54.3,Madurai
Carrot,68.05,A,750,56.81,70.59,81.82,Madurai
Cauliflower,62.1,A,750,53.5,62.29,77.7,Coimbatore
Green Chilli,53.41,A,100,48.11,55.42,65.93,Trichy
Cabbage,30.33,B,100,26.63,30.25,38.03,Erode
Drumstick,58.26,C,75,49.95,60.21,73.14,Thanjavur
Carrot,68.92,A,50,60.35,71.74,81.39,Madurai
Lady Finger,53.62,B,1000,44.66,53.33,66.26,Coimbatore
Potato,38.38,A,75,33.31,38.26,46.01,Thanjavur
Potato,33.02,B,750,27.18,32.83,38.21,Thanjavur
Cabbage,29.64,B,500,24.55,30.02,35.81,Trichy
Beetroot,51.44,B,150,45.45,52.85,60.13,Coimbatore
Cabbage,21.19,A,300,18.27,21.53,25.39,Dindigul
Tomato,52.61,B,100,47.38,52.7,64.39,Madurai
Carrot,41.15,B,150,35.53,41.27,50.34,Thanjavur
Onion,23.71,C,300,20.22,24.09,27.44,Trichy
Potato,28.6,C,150,24.95,28.74,35.39,Dindigul
Cucumber,44.03,A,100,39.81,44.86,51.72,Trichy
Lady Finger,32.92,B,200,28.55,34.42,38.13,Salem
Drumstick,76.13,A,50,68.56,79.38,92.18,Dindigul
Tomato,55.84,B,500,46.79,58.29,68.09,Trichy
Lady Finger,54.42,A,100,49.02,55.24,68.56,Coimbatore
Cauliflower,48.82,B,50,42.66,48.69,59.73,Coimbatore
Green Chilli,55.97,B,75,48.99,59.3,69.02,Madurai
Onion,29.99,B,1000,25.44,30.33,36.57,Chennai
Potato,21.97,C,300,18.29,22.93,27.25,Madurai
Drumstick,79.83,B,50,69.57,80.52,100.88,Coimbatore
Potato,32.61,B,100,28.27,32.97,39.14,Thanjavur
Beetroot,50.65,A,1000,42.19,51.43,58.54,Trichy
Cabbage,20.75,B,75,18.56,21.5,24.07,Dindigul
Potato,30.47,A,500,26.06,31.08,38.37,Thanjavur
Cabbage,26.26,B,750,22.58,26.17,33.03,Dindigul
Cucumber,24.91,B,500,21.35,25.2,31.38,Dindigul
Potato,41.15,A,200,35.78,40.79,51.88,Chennai
Drumstick,76.14,A,25,65.29,78.8,90.81,Dindigul
Carrot,45.96,C,500,39.0,45.94,56.96,Salem
Beetroot,46.65,A,200,41.05,46.93,57.0,Thanjavur
Green Chilli,87.58,B,200,74.53,86.91,102.31,Chennai
Cucumber,20.0,C,300,17.25,20.58,24.57,Salem
Onion,46.19,B,500,37.94,46.05,54.69,Coimbatore
Cucumber,22.79,A,200,20.17,24.11,28.07,Trichy
Tomato,46.06,A,500,39.38,46.93,55.32,Dindigul
Brinjal,46.97,A,50,41.22,49.51,57.25,Coimbatore
Tomato,49.66,A,150,42.92,51.13,60.55,Trichy
Brinjal,54.07,A,150,45.92,55.78,65.95,Dindigul
Cabbage,27.33,C,200,23.61,28.2,34.51,Trichy
Lady Finger,58.44,A,75,51.28,58.78,71.94,Salem
Potato,27.35,A,100,24.3,27.75,32.42,Madurai
Green Chilli,71.61,B,75,63.77,71.01,86.01,Thanjavur
Cabbage,30.87,A,75,27.54,30.68,38.55,Dindigul
Beetroot,46.69,A,150,39.96,47.21,55.3,Thanjavur
Lady Finger,45.34,A,750,39.14,46.17,56.98,Coimbatore
Onion,41.98,A,300,36.45,42.39,51.59,Thanjavur
Potato,23.48,A,1000,20.07,24.63,28.44,Thanjavur
Cauliflower,49.33,A,150,43.6,50.84,57.4,Chennai
Onion,39.95,A,750,33.84,41.96,48.2,Coimbatore
Lady Finger,65.84,A,500,54.29,67.71,79.58,Madurai
Potato,27.25,C,200,22.9,27.1,32.03,Trichy
Cauliflower,50.25,B,75,45.07,50.33,59.71,Trichy
Onion,33.82,A,200,29.01,35.98,39.27,Dindigul
Beetroot,45.89,A,50,41.15,47.19,55.66,Madurai
Potato,30.92,A,100,27.35,31.09,36.1,Coimbatore
Cucumber,40.07,A,500,33.29,40.08,46.92,Thanjavur
Brinjal,49.13,B,750,41.74,49.21,58.06,Erode
Cucumber,26.12,A,300,21.95,27.66,32.04,Coimbatore
Potato,24.18,C,150,20.95,24.03,29.25,Coimbatore
Brinjal,59.22,A,50,51.43,60.94,72.09,Erode
Beetroot,33.32,B,150,29.54,33.93,38.65,Trichy
Brinjal,25.94,C,150,22.6,26.64,29.97,Madurai
Cucumber,42.21,B,75,36.84,43.12,50.57,Dindigul
Cauliflower,39.32,A,300,33.22,40.15,46.14,Salem
Beetroot,26.98,B,150,23.07,27.39,31.22,Trichy
Carrot,81.24,A,300,70.54,85.8,98.05,Chennai
Cabbage,32.99,A,750,27.02,34.8,39.34,Chennai
Cucumber,28.32,C,300,23.86,29.81,35.71,Salem
Lady Finger,47.52,B,500,40.03,49.91,57.55,Salem
Tomato,50.52,B,75,43.46,52.05,58.83,Chennai
Green Chilli,87.76,B,300,76.21,91.47,104.19,Erode
Cauliflower,36.79,B,500,30.81,37.76,45.64,Thanjavur
Cabbage,25.22,B,150,22.0,26.5,30.13,Erode
Carrot,46.1,A,750,39.23,47.63,56.53,Thanjavur
Beetroot,34.88,B,200,29.84,34.75,41.03,Thanjavur
Tomato,44.13,B,50,37.82,46.07,53.59,Trichy
Cauliflower,55.25,A,75,47.76,56.6,65.55,Salem
Lady Finger,58.26,B,500,48.74,58.0,69.05,Chennai
Drumstick,70.32,B,25,61.94,69.81,85.62,Erode
Beetroot,29.87,C,150,26.68,31.08,34.71,Thanjavur
Lady Finger,54.62,A,150,47.81,55.53,64.07,Coimbatore
Tomato,43.55,C,75,38.55,45.32,52.82,Coimbatore
Cauliflower,54.84,B,50,47.18,55.01,67.51,Salem
Potato,34.29,C,200,30.4,34.63,42.75,Chennai
Cabbage,28.15,B,300,23.3,28.81,34.26,Thanjavur
Drumstick,78.66,B,150,68.72,82.57,95.89,Erode
Tomato,35.77,C,100,31.5,37.94,41.5,Erode
Cucumber,26.05,C,75,22.82,26.54,32.71,Coimbatore
Onion,46.66,B,150,39.63,47.11,56.13,Dindigul
Brinjal,48.7,B,200,41.24,50.9,57.6,Madurai
Green Chilli,84.33,A,300,70.75,89.52,105.51,Coimbatore
Cabbage,20.94,B,300,17.38,20.95,26.48,Thanjavur
Cabbage,23.74,B,200,19.95,23.67,27.51,Erode
Cauliflower,30.16,B,300,25.09,31.41,38.09,Thanjavur
Cucumber,20.67,C,500,16.93,21.29,24.03,Thanjavur
Drumstick,65.0,B,500,55.09,69.08,80.18,Trichy
Onion,28.7,B,200,24.23,29.69,34.67,Coimbatore
Potato,30.0,A,200,26.53,30.56,36.05,Erode
Tomato,39.77,B,150,34.09,42.26,46.51,Trichy
Lady Finger,43.65,A,500,36.06,43.48,52.69,Dindigul
Drumstick,79.17,A,500,68.11,83.45,97.39,Trichy
Cauliflower,56.36,B,500,47.39,56.78,70.33,Erode
Onion,23.5,C,100,20.34,24.66,27.62,Dindigul
Brinjal,45.65,B,50,39.85,48.13,53.9,Trichy
Drumstick,56.89,A,750,48.81,58.45,66.09,Erode
Onion,52.61,B,200,44.95,54.13,66.43,Chennai
Tomato,39.02,B,300,33.44,39.56,47.15,Dindigul
Tomato,39.52,A,100,34.89,39.13,46.88,Coimbatore
Beetroot,37.81,B,150,33.27,37.97,47.08,Salem
Brinjal,35.1,B,300,29.74,35.94,41.2,Salem
Tomato,43.56,C,50,38.07,46.15,52.73,Salem
Potato,31.69,C,200,27.23,32.18,39.11,Trichy
Brinjal,42.57,A,75,37.88,44.12,51.43,Madurai
Potato,19.87,C,500,17.08,20.33,24.15,Erode
Cauliflower,53.9,A,200,45.85,56.67,67.59,Coimbatore
Cucumber,28.46,A,200,23.93,29.62,34.54,Chennai
Green Chilli,65.0,B,75,56.57,66.91,79.74,Erode
Potato,41.09,B,100,35.28,41.74,50.82,Madurai
Cauliflower,52.64,B,750,45.37,52.39,63.44,Chennai
Cauliflower,46.27,A,300,39.75,47.53,58.0,Salem
Drumstick,77.14,A,75,69.4,78.86,90.78,Dindigul
Onion,36.11,B,200,31.18,36.16,41.97,Coimbatore
Brinjal,42.47,B,500,35.47,44.59,50.49,Chennai
Carrot,40.13,C,500,33.3,41.67,50.2,Dindigul
Drumstick,64.8,B,200,55.95,68.4,75.15,Erode
Cabbage,23.97,C,25,21.11,24.68,28.74,Thanjavur
Beetroot,32.16,B,500,27.49,32.84,38.15,Coimbatore
Beetroot,34.92,B,200,29.91,35.36,40.42,Erode
Cauliflower,50.05,A,500,42.78,50.55,59.16,Coimbatore
Cucumber,36.41,A,150,31.21,36.4,42.1,Erode
Cabbage,25.4,B,150,22.24,26.84,31.82,Chennai
Cabbage,29.55,A,500,24.15,30.47,36.92,Salem
Carrot,76.21,A,150,65.11,78.67,95.93,Coimbatore
Onion,48.5,A,75,41.74,50.09,60.62,Salem
Beetroot,29.38,C,300,25.53,30.69,34.31,Trichy
Green Chilli,51.47,A,150,45.7,53.17,65.11,Dindigul
Cucumber,25.55,A,75,22.21,26.81,32.05,Salem
Carrot,46.36,B,100,40.83,48.7,53.8,Coimbatore
Cucumber,24.62,B,25,21.44,25.46,28.82,Erode
Tomato,48.52,B,100,42.46,50.87,61.07,Dindigul
Tomato,42.28,B,50,36.38,44.04,50.05,Madurai
Cucumber,20.68,C,75,17.78,21.37,25.31,Dindigul
Potato,35.3,B,300,29.7,35.83,42.0,Salem
Brinjal,30.12,A,500,25.28,30.11,35.57,Thanjavur
Cabbage,25.65,C,200,22.14,27.27,32.35,Madurai
Cabbage,22.0,B,100,19.56,22.45,27.67,Madurai
Brinjal,45.09,C,75,39.38,46.73,52.87,Coimbatore
Carrot,36.3,C,50,31.19,38.41,42.69,Coimbatore
Beetroot,39.55,B,50,34.27,41.92,49.64,Dindigul
Potato,34.88,A,300,30.29,36.18,41.71,Trichy
Lady Finger,43.74,C,100,37.83,45.65,52.03,Thanjavur
Onion,35.05,A,150,30.94,35.59,41.75,Erode
Drumstick,46.86,B,200,40.88,46.5,54.18,Trichy
Beetroot,45.55,B,25,41.07,45.45,56.82,Dindigul
Potato,32.44,B,200,28.51,33.95,39.19,Madurai
Beetroot,38.06,A,150,32.65,38.25,44.11,Erode
Potato,32.96,B,100,29.5,33.56,41.34,Chennai
Cucumber,43.88,A,300,36.82,45.93,53.93,Salem
Cucumber,44.53,A,500,36.73,46.93,55.74,Erode
Drumstick,52.89,B,100,47.13,55.78,64.89,Salem
Cauliflower,38.1,A,150,32.34,39.34,45.61,Coimbatore
Cabbage,30.92,B,300,25.45,31.92,38.31,Salem
Drumstick,78.37,A,200,67.38,77.63,97.58,Dindigul
Drumstick,58.94,A,200,50.31,62.64,74.13,Salem
Onion,39.99,B,750,34.28,40.84,46.69,Dindigul
Beetroot,37.79,B,500,31.39,37.89,45.22,Thanjavur
Carrot,58.7,A,200,51.26,59.66,69.9,Thanjavur
Green Chilli,39.94,C,500,33.31,42.1,49.65,Dindigul
Tomato,34.34,B,750,28.71,35.17,42.33,Thanjavur
Cauliflower,55.43,A,150,47.93,57.74,66.38,Dindigul
Potato,30.09,A,75,26.11,31.61,35.68,Dindigul
Onion,43.91,B,100,37.71,44.64,54.32,Dindigul
Cabbage,36.02,B,500,30.45,36.99,41.76,Coimbatore
Carrot,39.52,A,500,32.76,41.01,47.62,Trichy
Drumstick,70.65,C,75,63.46,71.35,86.19,Coimbatore
Drumstick,88.72,A,50,78.91,93.06,110.24,Erode
Tomato,53.57,B,100,47.05,54.13,64.6,Trichy
Tomato,64.52,A,750,55.59,66.39,79.32,Madurai
Lady Finger,33.62,B,200,28.42,33.74,40.18,Dindigul
Cucumber,22.07,B,200,18.69,22.8,27.04,Dindigul
Tomato,42.35,B,500,35.46,43.47,51.94,Madurai
Lady Finger,47.84,B,100,41.11,47.69,60.11,Salem
Cucumber,31.19,A,200,27.41,30.98,36.84,Trichy
Tomato,39.62,A,1000,33.51,40.0,46.05,Thanjavur
Beetroot,50.71,A,150,44.73,53.69,60.84,Trichy
Brinjal,38.3,B,100,32.77,39.93,44.72,Coimbatore
Lady Finger,52.22,B,50,46.65,51.97,63.06,Coimbatore
Onion,51.1,B,200,44.14,53.52,59.05,Chennai
Drumstick,86.68,A,300,74.37,90.08,104.62,Trichy
Carrot,49.44,C,300,41.1,50.59,60.47,Madurai
Carrot,82.98,A,750,68.83,87.27,100.57,Chennai
Cabbage,36.04,A,50,32.37,37.03,43.36,Coimbatore
Drumstick,46.78,C,100,40.56,48.01,58.6,Salem
Potato,23.03,B,200,20.42,24.13,27.13,Salem
Beetroot,37.39,A,500,31.91,37.66,46.98,Salem
Onion,33.16,A,750,27.25,34.71,41.06,Trichy
Cauliflower,39.06,B,500,33.63,41.44,46.7,Chennai
Beetroot,28.14,B,750,23.23,28.39,33.76,Dindigul
Carrot,54.23,C,500,44.46,57.16,67.3,Madurai
Drumstick,56.96,A,25,50.27,60.55,68.54,Chennai
Cucumber,20.87,C,500,17.59,21.55,24.89,Salem
Drumstick,81.21,A,100,73.04,82.64,95.07,Erode
Cabbage,34.34,A,1000,29.32,34.05,41.93,Dindigul
Lady Finger,38.94,B,200,33.65,39.04,46.36,Chennai
Green Chilli,82.18,B,300,69.01,82.92,103.79,Trichy
Beetroot,37.99,C,100,34.03,38.77,45.24,Erode
Cabbage,26.27,A,200,22.47,26.64,33.13,Salem
Onion,39.35,A,500,32.7,39.24,48.74,Erode
Tomato,36.94,A,750,31.09,38.86,46.15,Thanjavur
Lady Finger,46.69,C,300,38.5,46.6,56.46,Trichy
Beetroot,34.96,C,150,31.27,36.72,42.81,Madurai
Carrot,29.51,C,750,25.27,29.87,36.65,Salem
Onion,28.99,C,100,25.32,28.85,36.64,Salem
Cabbage,26.34,B,750,21.81,27.13,31.82,Erode
Potato,39.33,B,100,33.82,40.64,47.83,Chennai
Drumstick,46.79,A,1000,39.95,49.56,55.04,Salem
Green Chilli,74.67,A,500,62.22,76.3,87.3,Dindigul
Potato,34.16,B,500,28.8,35.47,39.51,Trichy
Brinjal,51.59,A,75,45.96,53.81,60.92,Madurai
Cucumber,28.58,B,75,25.48,28.63,35.7,Trichy
Drumstick,72.11,A,200,61.47,73.67,85.65,Salem
Tomato,47.33,A,100,42.09,49.29,57.28,Dindigul
Cabbage,28.37,B,200,24.16,29.99,32.84,Madurai
Cauliflower,41.31,A,200,35.75,43.19,51.41,Erode
Tomato,64.87,A,100,57.49,64.95,78.27,Chennai
Brinjal,57.26,A,1000,47.23,59.25,68.8,Chennai
Cauliflower,57.69,A,200,49.88,58.43,67.79,Salem
Cucumber,25.53,B,300,21.44,26.07,30.81,Erode
Carrot,50.6,A,300,43.15,51.18,61.0,Dindigul
Brinjal,33.26,A,750,27.49,33.49,39.44,Madurai
Beetroot,32.72,A,300,27.39,34.13,39.79,Madurai
Cauliflower,35.92,B,200,30.86,36.28,43.87,Coimbatore
Green Chilli,56.47,C,150,48.43,57.0,68.21,Salem
Tomato,62.09,A,200,54.67,65.35,77.4,Trichy
Cauliflower,44.14,A,100,37.79,45.63,54.38,Trichy
Carrot,59.78,A,25,51.4,59.43,73.82,Madurai
Potato,27.02,B,500,23.11,28.69,33.84,Dindigul
Cauliflower,43.58,C,75,37.86,43.84,53.23,Erode
Tomato,46.26,C,150,40.31,49.16,54.83,Salem
Cabbage,33.67,A,100,30.27,34.75,39.57,Madurai
Brinjal,33.36,A,200,29.3,33.74,39.41,Salem
Beetroot,37.52,A,200,32.46,39.19,44.79,Trichy
Potato,33.13,B,300,27.61,33.01,38.7,Madurai
Cabbage,30.02,B,25,25.96,31.58,37.41,Chennai
Green Chilli,63.73,C,150,56.31,67.69,76.83,Trichy
Green Chilli,55.18,C,50,48.76,56.7,68.93,Thanjavur
Tomato,56.63,A,200,48.09,58.49,70.52,Dindigul
Potato,37.99,A,200,33.5,40.23,44.11,Salem
Cabbage,28.88,A,200,24.41,30.21,33.38,Coimbatore
Carrot,48.37,C,300,41.41,49.23,59.7,Chennai
Green Chilli,64.57,B,150,55.36,67.92,78.9,Trichy
Cucumber,16.8,C,500,14.52,17.75,20.9,Thanjavur
Lady Finger,68.31,A,100,59.0,71.65,81.24,Chennai
Onion,27.29,B,300,22.84,27.45,32.46,Salem
Green Chilli,57.55,B,150,49.63,60.19,72.62,Erode
Green Chilli,55.11,C,75,49.02,56.68,67.59,Salem
Cucumber,39.83,B,300,33.62,41.23,47.43,Trichy
Potato,22.11,B,100,19.59,21.98,25.59,Salem
Green Chilli,67.93,A,100,58.64,70.77,82.31,Salem
Carrot,59.08,A,50,50.95,58.82,73.52,Trichy
Drumstick,67.22,B,300,56.71,69.79,77.92,Trichy
Lady Finger,46.93,B,150,40.37,48.72,57.78,Dindigul
Brinjal,32.83,B,100,29.67,34.94,39.78,Dindigul
Beetroot,32.34,B,100,29.15,32.44,39.42,Dindigul
Lady Finger,69.52,A,300,58.1,70.42,86.7,Chennai
Beetroot,28.04,C,200,24.78,29.18,33.66,Coimbatore
Beetroot,36.9,A,1000,31.45,38.31,44.06,Erode
Carrot,58.98,A,500,49.67,62.11,68.34,Dindigul
Cauliflower,56.0,A,50,48.28,58.35,65.55,Coimbatore
Potato,26.2,B,50,23.14,27.76,30.42,Madurai
Cauliflower,49.83,B,500,41.11,52.92,59.66,Chennai
Onion,32.11,C,200,28.05,33.18,37.66,Erode
Cucumber,40.99,A,1000,34.21,41.95,47.55,Salem
Onion,28.58,B,300,23.64,29.21,33.79,Madurai
Cabbage,27.11,C,75,24.01,27.01,32.47,Trichy
Cucumber,32.73,B,100,28.6,32.66,40.39,Salem
Cabbage,18.56,C,750,15.36,19.42,22.72,Salem
Potato,29.29,B,25,26.33,29.03,36.88,Salem
Cauliflower,42.88,C,300,36.0,43.3,54.03,Chennai
Beetroot,28.92,C,75,25.96,30.11,33.99,Chennai
Tomato,45.99,B,300,38.45,46.85,58.13,Erode
Cucumber,36.65,B,100,32.09,37.97,44.27,Thanjavur
Green Chilli,80.52,A,300,68.61,80.14,98.58,Erode
Onion,39.74,B,200,34.96,42.11,46.7,Trichy
Cucumber,28.91,B,50,25.9,28.7,35.08,Trichy
Tomato,57.99,B,150,51.58,59.88,69.78,Chennai
Potato,42.66,B,200,37.48,43.81,49.82,Chennai
Carrot,62.65,A,500,52.04,64.36,75.27,Trichy
Cauliflower,53.05,B,150,45.67,52.58,64.63,Salem
Green Chilli,55.67,A,150,49.83,56.35,67.97,Thanjavur
Drumstick,63.32,C,200,54.74,65.79,75.83,Dindigul
Carrot,41.02,A,150,35.83,43.34,47.85,Trichy
Cabbage,31.58,A,100,27.63,31.62,38.22,Chennai
Cauliflower,50.74,B,500,43.14,52.09,60.04,Chennai
Carrot,48.3,B,100,43.23,47.97,61.05,Chennai
Lady Finger,45.21,B,200,39.83,46.15,54.89,Erode
Tomato,43.83,A,300,36.23,43.76,52.6,Dindigul
Tomato,37.37,B,50,33.71,37.73,46.67,Dindigul
Drumstick,45.02,B,500,38.42,46.59,53.67,Salem
Cabbage,29.29,A,200,25.06,30.05,35.01,Trichy
Beetroot,22.96,C,150,19.59,23.81,28.36,Thanjavur
Cauliflower,73.54,A,50,65.1,73.12,92.17,Chennai
Onion,27.85,B,25,25.04,28.23,32.57,Dindigul
Carrot,37.73,B,100,32.32,38.54,47.29,Erode
Drumstick,43.84,B,750,36.87,43.9,55.07,Thanjavur
Brinjal,45.02,B,75,38.97,46.89,53.09,Trichy
Carrot,61.44,B,150,54.42,64.69,75.39,Erode
Cabbage,25.03,A,50,21.74,25.17,30.16,Salem
Green Chilli,85.97,A,300,70.96,91.06,104.68,Madurai
Lady Finger,42.34,B,300,34.84,44.59,50.99,Coimbatore
Carrot,54.57,B,100,48.85,55.14,67.37,Chennai
Beetroot,38.13,A,200,32.8,39.88,44.94,Madurai
Carrot,57.86,B,50,51.24,58.92,71.88,Salem
Green Chilli,65.19,C,100,58.39,67.15,75.68,Dindigul
Tomato,48.58,C,50,43.35,51.03,57.57,Erode
Tomato,45.59,B,50,40.58,48.25,55.92,Erode
Cucumber,26.91,A,300,22.51,28.38,31.45,Trichy
Carrot,59.98,B,75,51.32,60.46,74.69,Thanjavur
Carrot,45.31,A,300,37.34,45.98,53.74,Madurai
Beetroot,38.75,B,750,33.4,39.41,48.07,Madurai
Onion,30.71,C,200,26.36,32.36,36.25,Coimbatore
Cabbage,23.07,A,200,19.49,23.4,28.97,Thanjavur
Beetroot,26.78,B,100,23.98,28.05,32.07,Salem
Drumstick,69.46,C,150,59.48,72.03,85.46,Coimbatore
Beetroot,26.69,B,200,22.79,27.9,31.74,Erode
Potato,38.1,B,1000,32.35,40.54,44.13,Erode
Drumstick,42.88,B,200,37.12,44.25,51.77,Madurai
Carrot,52.12,A,200,45.43,53.18,65.21,Erode
Beetroot,32.59,B,1000,26.65,33.01,40.95,Salem
Green Chilli,90.42,B,50,81.58,94.91,106.24,Chennai
Beetroot,35.62,B,500,30.72,35.61,42.79,Madurai
Green Chilli,66.67,A,50,59.29,68.19,78.43,Trichy
Carrot,53.56,B,100,47.5,54.18,63.25,Coimbatore
Potato,30.8,A,25,26.57,30.65,38.95,Chennai
Lady Finger,46.87,A,750,39.43,47.68,58.64,Coimbatore
Tomato,43.55,A,150,37.55,45.33,51.69,Madurai
Lady Finger,43.93,A,150,39.22,44.73,53.95,Erode
Tomato,38.95,C,500,33.31,41.42,48.95,Erode
Cucumber,37.67,A,200,32.14,38.13,46.55,Coimbatore
Beetroot,29.6,A,750,24.66,30.53,35.36,Salem
Drumstick,61.15,B,75,53.67,64.2,74.61,Dindigul
Brinjal,29.66,C,25,25.37,30.1,36.42,Chennai
Onion,37.88,B,150,33.32,37.62,45.38,Salem
Cauliflower,54.06,B,75,46.89,57.55,63.05,Coimbatore
Tomato,47.65,A,100,41.93,48.88,59.76,Erode
Cucumber,44.77,A,150,39.25,46.66,53.39,Chennai
Drumstick,84.15,A,300,69.73,83.52,98.49,Dindigul
Tomato,66.83,A,500,55.62,69.11,83.42,Madurai
Cucumber,23.51,A,200,20.81,24.5,27.34,Salem
Brinjal,46.75,B,200,40.65,46.38,58.26,Salem
Cauliflower,58.06,A,100,49.76,58.35,68.2,Madurai
Potato,32.71,B,200,27.84,32.46,39.96,Erode
Beetroot,54.36,A,300,46.86,55.83,63.57,Coimbatore
Lady Finger,54.52,B,100,48.45,56.86,66.32,Erode
Lady Finger,42.22,A,150,36.0,43.59,50.62,Dindigul
Carrot,52.99,A,200,45.9,53.11,61.93,Erode
Cauliflower,44.63,C,500,36.51,45.75,54.72,Madurai
Drumstick,55.19,C,75,48.07,55.81,66.97,Coimbatore
Cabbage,40.28,A,75,34.91,41.25,48.81,Chennai
Onion,44.69,B,200,37.69,44.76,53.76,Coimbatore
Green Chilli,65.03,B,100,56.5,66.82,76.26,Dindigul
Potato,37.94,A,50,34.01,39.16,46.61,Madurai
Cucumber,35.69,A,1000,30.45,37.93,44.15,Erode
Potato,36.29,A,150,31.21,38.12,43.37,Trichy
Cabbage,32.8,B,150,29.12,34.57,39.42,Madurai
Onion,40.57,A,150,36.34,42.51,50.25,Dindigul
Beetroot,29.32,C,75,26.16,29.86,35.39,Coimbatore
Cucumber,25.77,C,500,21.37,26.86,29.77,Erode
Tomato,51.37,A,50,46.13,54.56,60.72,Salem
Potato,40.56,A,150,34.88,40.78,49.77,Coimbatore
Green Chilli,84.52,A,200,74.38,84.42,104.93,Madurai
Cauliflower,56.5,A,150,50.46,56.53,69.25,Dindigul
Potato,24.64,C,1000,21.18,24.9,30.64,Erode
Drumstick,61.49,A,200,52.41,60.94,72.51,Salem
Onion,29.15,B,500,24.78,29.05,35.76,Erode
Brinjal,24.05,C,100,21.68,25.49,29.69,Dindigul
Cucumber,34.01,A,100,29.39,35.74,39.79,Salem
Lady Finger,30.31,C,1000,26.19,31.27,35.58,Salem
Green Chilli,66.55,B,100,60.14,66.65,82.24,Chennai
Tomato,62.11,A,750,53.34,63.6,77.6,Salem
Cauliflower,45.18,A,200,38.44,45.94,53.0,Salem
Cucumber,32.82,B,50,28.86,34.21,39.82,Thanjavur
Brinjal,52.27,B,50,45.71,53.34,63.69,Dindigul
Beetroot,36.06,A,1000,30.71,37.49,44.89,Dindigul
Cabbage,21.96,C,150,19.47,23.06,27.41,Thanjavur
Cucumber,19.41,C,300,16.31,19.8,23.87,Erode
Beetroot,35.31,A,300,29.7,37.52,43.44,Dindigul
Carrot,48.56,A,200,41.44,48.81,61.17,Chennai
Green Chilli,56.33,A,100,50.98,56.9,67.1,Thanjavur
Cucumber,26.89,A,75,23.41,26.83,31.11,Salem
Tomato,59.61,A,500,50.2,60.39,69.79,Dindigul
Cabbage,30.77,B,25,27.73,30.61,36.78,Coimbatore
Tomato,58.37,A,300,50.21,61.63,70.54,Chennai
Cabbage,29.48,A,75,25.75,29.92,35.43,Dindigul
Onion,28.55,C,1000,24.34,29.36,35.0,Madurai
Tomato,54.51,A,500,44.56,56.44,64.62,Coimbatore
Cucumber,40.89,A,300,34.0,40.59,49.07,Madurai
Potato,45.29,B,200,39.92,46.06,54.2,Chennai
Brinjal,49.43,A,150,42.92,49.28,61.0,Coimbatore
Cucumber,31.59,A,100,27.93,32.16,38.05,Salem
Carrot,64.87,B,200,57.45,64.26,81.34,Dindigul
Potato,19.61,C,75,17.41,19.45,22.79,Erode
Beetroot,39.06,B,25,33.73,40.13,47.66,Madurai
Tomato,59.96,B,1000,51.78,63.32,71.85,Coimbatore
Onion,41.33,B,100,36.59,42.54,47.85,Coimbatore
Tomato,47.93,A,25,41.88,47.67,60.17,Coimbatore
Cucumber,32.13,B,300,27.58,33.37,39.75,Chennai
Drumstick,44.71,B,300,38.42,45.23,54.9,Erode
Brinjal,47.05,C,200,41.02,49.7,56.91,Chennai
Tomato,39.61,B,150,35.22,41.36,47.51,Erode
Carrot,51.18,A,75,45.66,51.64,61.67,Erode
Lady Finger,36.08,C,50,31.01,37.32,44.05,Trichy
Cauliflower,29.93,B,200,25.82,29.97,34.92,Thanjavur
Potato,36.93,A,75,32.04,37.04,46.55,Trichy
Beetroot,42.27,A,75,37.18,41.91,51.94,Chennai
Cucumber,20.23,C,500,17.29,20.23,24.26,Dindigul
Tomato,44.38,A,200,38.08,47.09,51.87,Dindigul
Beetroot,46.47,A,150,39.67,49.0,55.25,Salem
Potato,31.54,B,300,26.02,32.81,39.54,Dindigul
Tomato,59.54,A,150,51.59,59.56,72.09,Erode
Tomato,53.93,B,100,47.4,57.4,66.36,Madurai
Lady Finger,57.78,B,25,49.76,58.08,69.29,Coimbatore
Drumstick,69.03,A,300,58.6,70.19,84.11,Thanjavur
Potato,45.55,A,50,39.11,48.09,54.12,Dindigul
Drumstick,64.53,A,100,56.28,65.88,79.65,Erode
Onion,31.41,B,100,28.11,32.94,37.49,Dindigul
Onion,52.35,A,25,46.68,55.49,64.25,Coimbatore
Green Chilli,96.2,A,200,80.74,100.22,116.21,Erode
Lady Finger,50.0,B,50,43.89,50.4,62.35,Dindigul
Cabbage,35.23,A,150,30.8,36.59,42.05,Coimbatore
Potato,38.94,A,25,35.1,38.88,45.38,Dindigul
Beetroot,34.19,A,200,29.39,33.94,40.69,Dindigul
Cucumber,24.86,A,150,21.53,24.95,29.79,Madurai
Drumstick,52.36,B,200,45.16,52.04,65.9,Dindigul
Brinjal,36.32,A,150,30.78,36.95,44.08,Dindigul
Lady Finger,64.39,B,300,55.25,67.96,75.9,Coimbatore
Lady Finger,44.07,B,500,36.92,45.52,53.46,Thanjavur
Drumstick,57.31,B,300,47.06,59.29,71.54,Salem
Cucumber,29.0,B,75,25.77,30.04,35.55,Chennai
Lady Finger,37.84,C,100,33.23,38.57,47.3,Erode
Cabbage,36.35,A,500,31.3,36.66,44.3,Dindigul
Cauliflower,54.24,B,500,44.36,55.98,63.93,Erode
Beetroot,30.01,B,300,25.57,31.85,37.21,Dindigul
Tomato,35.75,B,150,31.23,37.21,43.68,Salem
Cabbage,22.02,A,300,18.75,22.93,26.33,Thanjavur
Drumstick,64.22,B,200,53.85,66.94,76.83,Trichy
Cucumber,34.58,B,100,29.91,35.11,41.75,Erode
Cucumber,45.1,A,50,40.66,47.74,54.69,Salem
Tomato,39.09,C,200,33.53,39.18,45.66,Trichy
Tomato,35.04,C,300,30.3,34.93,43.45,Thanjavur
Cabbage,22.68,B,300,19.48,22.65,27.53,Trichy
Potato,27.2,C,500,22.69,27.18,31.54,Madurai
Carrot,60.35,A,25,53.17,61.52,73.53,Madurai
Cabbage,32.74,B,75,28.7,33.46,39.32,Salem
Green Chilli,76.21,B,150,68.25,80.75,90.6,Chennai
Drumstick,81.01,B,100,70.71,85.92,99.9,Madurai
Cauliflower,52.5,C,500,43.85,53.96,63.31,Chennai
Onion,23.44,B,75,21.08,24.52,28.16,Thanjavur
Cabbage,38.78,A,500,33.08,40.5,45.67,Chennai
Cauliflower,37.3,B,300,31.2,37.31,44.72,Thanjavur
Brinjal,51.64,A,150,43.89,53.01,63.63,Coimbatore
Brinjal,49.86,B,500,41.95,52.25,60.46,Trichy
Potato,24.93,B,100,21.49,26.19,29.4,Dindigul
Cucumber,38.41,B,100,32.92,39.83,46.75,Dindigul
Cucumber,37.25,B,100,32.59,38.08,46.63,Chennai
Tomato,34.16,C,200,29.81,36.26,40.38,Thanjavur
Brinjal,37.2,B,500,31.36,38.67,44.29,Coimbatore
Drumstick,52.67,C,200,44.21,52.81,64.5,Madurai
Lady Finger,34.44,B,500,29.41,34.57,42.18,Dindigul
Carrot,44.31,B,300,36.82,44.93,52.35,Trichy
Onion,49.88,A,150,42.76,51.24,59.13,Trichy
Drumstick,58.49,A,100,51.29,58.04,72.51,Chennai
Tomato,44.81,B,200,39.6,44.39,51.99,Salem
Green Chilli,59.69,A,300,50.31,63.53,70.43,Dindigul
Green Chilli,63.77,C,150,55.73,67.17,77.03,Salem
Cabbage,30.86,B,75,27.17,31.51,38.62,Chennai
Carrot,40.19,C,150,34.34,41.9,50.52,Thanjavur
Potato,38.69,A,500,31.6,40.14,47.23,Coimbatore
Cabbage,23.05,B,500,19.52,23.74,27.62,Erode
Lady Finger,52.59,C,150,46.83,53.58,65.0,Coimbatore
Beetroot,60.21,A,150,53.15,61.26,69.67,Chennai
Drumstick,69.53,B,150,61.25,72.48,85.69,Erode
Brinjal,31.71,C,150,27.16,32.13,36.78,Thanjavur
Cucumber,30.49,A,500,25.37,30.74,35.79,Dindigul
Green Chilli,74.26,A,200,64.73,77.05,92.4,Erode
Potato,45.51,B,100,39.41,47.37,56.36,Chennai
Cauliflower,37.44,B,100,33.03,37.13,43.57,Thanjavur
Carrot,56.5,B,750,48.4,58.66,69.05,Thanjavur
Lady Finger,56.44,B,1000,47.34,58.3,67.95,Madurai
Cabbage,18.29,B,200,15.4,18.14,22.71,Trichy
Brinjal,38.38,A,75,34.28,39.41,48.04,Chennai
Cauliflower,51.62,A,300,43.75,54.61,63.04,Chennai
Drumstick,79.81,B,150,68.54,82.7,96.56,Erode
Brinjal,30.98,B,1000,26.54,31.08,38.86,Madurai
Tomato,41.27,B,150,36.41,41.4,50.35,Chennai
Cabbage,30.96,A,750,25.98,31.54,36.62,Thanjavur
Drumstick,47.48,C,150,41.15,49.0,56.03,Coimbatore
Cauliflower,55.72,A,200,48.29,55.91,68.86,Trichy
Beetroot,48.82,A,300,40.19,48.58,60.69,Chennai
Onion,39.94,A,150,35.06,42.12,46.48,Thanjavur
Cucumber,34.03,B,300,29.44,33.84,39.42,Erode
Potato,33.98,C,200,28.55,35.88,42.28,Chennai
Beetroot,48.7,B,1000,40.31,50.87,58.28,Madurai
Green Chilli,67.48,A,200,56.62,70.28,80.12,Thanjavur
Cucumber,27.05,A,150,23.21,27.86,31.83,Dindigul
Cabbage,34.76,A,300,28.71,35.63,40.42,Coimbatore
Potato,36.69,A,200,32.4,37.83,44.73,Madurai
Tomato,42.54,C,100,38.17,43.49,53.01,Salem
Onion,47.69,A,100,41.48,48.27,58.89,Coimbatore
Cucumber,31.96,A,150,28.18,31.81,40.33,Thanjavur
Cucumber,22.96,B,75,20.54,24.26,27.24,Trichy
Drumstick,43.87,C,150,39.02,45.61,52.32,Erode
Beetroot,48.83,A,200,42.86,51.84,61.37,Madurai
Carrot,44.43,B,150,39.13,46.93,52.33,Salem
Cabbage,39.05,B,750,32.41,38.97,45.58,Chennai
Lady Finger,58.88,B,750,49.83,58.32,69.22,Coimbatore
Brinjal,36.86,B,300,30.55,38.79,44.89,Erode
Tomato,38.76,A,150,33.99,38.65,48.82,Dindigul
Cucumber,33.82,A,50,29.95,34.22,39.66,Trichy
Drumstick,56.04,A,500,46.34,56.5,68.68,Salem
Onion,33.14,A,200,29.34,34.88,39.32,Trichy
Beetroot,51.32,B,75,44.79,53.61,64.71,Coimbatore
Carrot,45.38,A,25,40.17,47.21,55.42,Salem
Potato,30.67,A,150,26.67,31.13,35.78,Salem
Cauliflower,49.31,A,1000,40.54,52.32,60.94,Dindigul
Onion,25.56,B,200,22.29,26.43,31.87,Salem
Lady Finger,46.95,B,150,40.53,48.67,58.83,Trichy
Lady Finger,43.26,B,50,37.12,42.99,51.77,Trichy
Cabbage,31.08,B,50,26.92,31.41,37.77,Madurai
Green Chilli,107.51,A,500,88.71,109.71,128.38,Chennai
Lady Finger,34.51,B,300,28.99,34.85,41.29,Salem
Beetroot,33.2,A,150,28.14,34.8,38.98,Salem
Onion,41.85,B,500,35.16,42.07,51.73,Dindigul
Tomato,60.28,A,50,54.5,63.57,74.19,Salem
Cabbage,21.89,B,150,18.61,22.31,27.07,Madurai
Potato,38.47,A,500,31.5,39.2,45.11,Erode
Brinjal,51.2,A,100,44.28,54.28,59.24,Madurai
Potato,36.11,A,200,30.82,36.11,43.2,Erode
Brinjal,41.55,B,200,35.23,42.03,48.73,Dindigul
Beetroot,38.7,B,750,31.96,40.18,48.18,Dindigul
Brinjal,38.42,A,25,33.43,40.18,44.57,Trichy
Drumstick,69.74,B,150,61.44,71.07,81.78,Trichy
Brinjal,54.81,B,50,48.26,55.62,66.37,Coimbatore
Tomato,64.49,A,200,55.46,65.23,76.6,Coimbatore
Potato,39.41,B,150,34.13,41.52,47.37,Trichy
Potato,45.97,A,200,40.34,48.2,54.18,Chennai
Carrot,47.65,B,75,40.75,48.79,56.89,Erode
Onion,23.68,C,100,20.81,24.33,27.91,Thanjavur
Carrot,64.61,A,500,54.18,67.42,79.85,Dindigul
Brinjal,48.12,A,200,40.63,49.29,57.0,Madurai
Cucumber,38.24,B,200,33.33,37.91,45.48,Erode
Lady Finger,59.43,A,300,49.54,61.9,73.82,Thanjavur
Green Chilli,72.32,B,150,64.0,74.71,91.36,Dindigul
Potato,27.09,A,300,23.46,26.82,33.45,Madurai
Cauliflower,39.95,B,500,32.71,41.82,47.32,Trichy
Lady Finger,41.18,B,75,36.61,42.42,49.9,Madurai
Cauliflower,51.01,B,150,44.17,53.16,64.18,Coimbatore
Cucumber,22.84,B,100,20.1,22.65,27.02,Madurai
Onion,41.52,A,200,36.68,43.12,49.85,Erode
Carrot,41.0,B,75,36.44,42.31,50.92,Trichy
Cauliflower,58.77,B,200,49.57,61.83,69.51,Dindigul
Drumstick,58.63,C,200,50.45,59.65,70.0,Erode
Beetroot,28.68,B,200,25.14,29.41,34.81,Salem
Tomato,45.25,A,300,38.45,47.91,52.51,Erode
Tomato,59.94,A,500,51.4,63.8,71.17,Erode
Brinjal,43.14,A,500,35.98,44.62,52.22,Dindigul
Cauliflower,26.51,C,200,23.33,27.2,30.85,Trichy
Lady Finger,41.51,A,500,34.93,44.0,51.63,Dindigul
Cauliflower,39.38,B,25,34.24,41.26,46.38,Trichy
Green Chilli,60.17,B,100,52.94,61.46,74.65,Chennai
Lady Finger,57.22,B,200,50.65,57.58,70.59,Madurai
Beetroot,29.82,B,100,26.56,29.71,37.1,Dindigul
Cucumber,23.09,B,300,19.71,24.3,26.78,Madurai
Carrot,44.2,A,200,39.02,45.06,55.16,Trichy
Cabbage,22.36,A,100,20.13,22.3,27.32,Coimbatore
Green Chilli,43.59,C,100,37.34,44.58,51.68,Madurai
Brinjal,42.74,B,200,36.0,43.74,54.06,Trichy
Green Chilli,68.73,C,50,59.55,68.06,81.68,Erode
Beetroot,25.56,B,500,21.69,25.68,29.74,Thanjavur
Lady Finger,41.8,A,150,35.66,44.25,50.44,Coimbatore
Green Chilli,56.73,C,150,50.26,58.05,67.51,Dindigul
Beetroot,41.91,B,1000,35.8,43.91,52.36,Salem
Lady Finger,56.02,A,200,47.43,56.74,66.78,Thanjavur
Beetroot,53.88,B,300,46.4,55.24,64.54,Chennai
Cabbage,20.39,B,200,17.75,20.85,25.69,Dindigul
Cabbage,30.18,A,300,25.24,30.06,36.8,Erode
Tomato,57.78,B,500,47.59,60.27,69.51,Madurai
Lady Finger,47.21,A,75,41.79,48.42,59.02,Dindigul
Green Chilli,71.74,B,300,61.94,74.95,90.18,Thanjavur
Drumstick,42.16,B,25,36.55,42.05,49.9,Madurai
Beetroot,59.65,A,25,53.2,59.74,74.88,Chennai
Cauliflower,52.73,B,25,47.68,55.67,66.09,Coimbatore
Tomato,64.34,A,100,56.82,64.18,80.83,Madurai
Cucumber,36.15,A,500,30.59,36.42,41.76,Trichy
Cucumber,36.85,C,150,32.84,37.61,44.69,Chennai
Onion,42.7,B,200,36.44,43.1,49.49,Madurai
Brinjal,36.76,A,300,31.37,38.46,44.49,Madurai
Cauliflower,34.48,C,50,30.06,34.46,41.8,Chennai
Onion,34.46,B,750,28.17,35.01,42.52,Chennai
Cabbage,29.67,A,50,25.53,30.82,35.29,Thanjavur
Cucumber,41.27,B,150,36.14,43.09,48.76,Coimbatore
Tomato,41.98,C,1000,34.96,43.78,49.52,Madurai
Carrot,45.48,B,75,39.48,45.15,56.05,Dindigul
Drumstick,52.11,A,50,46.15,51.95,64.51,Trichy
Drumstick,86.02,A,300,70.9,90.45,104.01,Madurai
Lady Finger,41.97,B,75,36.11,42.93,49.04,Thanjavur
Cucumber,41.26,B,300,33.99,41.8,48.96,Coimbatore
Lady Finger,36.3,C,50,32.66,38.35,45.34,Dindigul
Carrot,43.55,B,200,37.54,44.71,52.88,Coimbatore
Cucumber,42.38,A,500,35.72,43.91,51.16,Thanjavur
Cabbage,37.41,A,150,32.49,39.48,45.1,Chennai
Potato,26.36,B,75,22.63,27.61,31.69,Trichy
Lady Finger,48.47,B,200,41.53,49.35,59.4,Thanjavur
Carrot,71.04,B,75,61.22,73.69,84.4,Chennai
Carrot,36.52,C,750,31.07,38.25,42.99,Madurai
Potato,26.1,B,100,22.74,26.15,30.74,Madurai
Drumstick,48.31,A,300,41.92,49.03,56.43,Erode
Onion,32.92,C,300,27.52,33.93,38.35,Thanjavur
Cauliflower,59.3,B,100,50.76,61.14,73.1,Madurai
Drumstick,58.18,A,200,49.69,61.35,70.23,Madurai
Cabbage,32.8,B,150,29.11,33.15,39.85,Coimbatore
Cucumber,33.61,A,1000,27.7,35.26,42.45,Chennai
Onion,51.69,A,500,44.48,53.75,61.04,Madurai
Cabbage,15.44,C,300,13.17,16.06,19.43,Thanjavur
Cabbage,30.89,A,150,26.62,31.63,36.98,Coimbatore
Beetroot,26.35,C,750,22.12,27.32,32.84,Chennai
Tomato,40.52,B,150,36.15,42.63,47.28,Thanjavur
Green Chilli,51.39,B,200,43.42,52.89,59.4,Erode
Cucumber,39.45,B,500,32.88,39.19,49.23,Thanjavur
Drumstick,63.48,A,50,56.54,62.87,73.65,Erode
Beetroot,28.55,C,1000,23.38,29.78,34.64,Coimbatore
Onion,46.48,A,75,41.02,46.9,58.57,Erode
Tomato,40.75,A,150,34.96,41.85,50.98,Thanjavur
Cucumber,31.85,A,25,27.46,33.72,40.28,Madurai
Cucumber,34.9,A,300,30.27,35.74,43.5,Coimbatore
Tomato,33.11,C,25,29.13,34.1,38.98,Madurai
Carrot,56.97,B,100,50.48,59.19,70.62,Chennai
Cabbage,29.8,B,50,26.64,30.36,35.5,Coimbatore
Beetroot,36.71,A,500,30.2,39.02,44.65,Trichy
Cucumber,39.35,B,50,34.13,41.31,45.67,Chennai
Potato,31.31,B,150,26.53,32.94,36.66,Erode
Brinjal,36.62,B,200,32.13,37.54,46.11,Coimbatore
Onion,38.2,A,150,33.52,38.64,48.2,Madurai
Green Chilli,74.34,B,150,65.93,76.76,86.21,Erode
Lady Finger,40.92,C,1000,33.56,41.42,48.14,Dindigul
Onion,40.16,A,200,34.02,41.11,49.04,Coimbatore
Brinjal,40.66,A,300,35.03,41.4,48.29,Trichy
Drumstick,53.35,C,1000,45.24,55.75,63.9,Salem
Beetroot,57.07,A,750,48.29,57.97,66.88,Chennai
Drumstick,67.04,B,200,59.44,70.04,84.46,Dindigul
Cauliflower,42.69,A,100,36.81,44.12,50.09,Trichy
Brinjal,30.22,A,200,26.35,32.05,35.5,Thanjavur
Cauliflower,53.38,B,500,45.64,53.38,65.85,Chennai
Drumstick,48.81,A,200,41.74,49.24,60.1,Madurai
Cauliflower,61.04,A,50,54.74,64.16,74.08,Chennai
Onion,48.37,A,200,42.22,48.99,58.58,Madurai
Onion,36.11,B,500,29.86,35.93,43.82,Salem
Cucumber,29.97,B,200,26.16,30.28,35.01,Trichy
Beetroot,39.4,A,300,33.27,40.84,47.86,Trichy
Cucumber,30.8,B,300,26.57,31.49,36.97,Salem
Onion,29.65,B,750,24.26,31.02,36.72,Chennai
Onion,50.21,A,150,42.5,53.32,61.26,Coimbatore
Cucumber,20.39,B,75,17.75,20.67,25.03,Thanjavur
Brinjal,33.73,B,150,29.46,34.58,39.43,Dindigul
Drumstick,62.11,A,300,51.04,64.15,74.03,Dindigul
Lady Finger,75.8,A,200,67.22,78.03,92.09,Chennai
Cabbage,27.63,A,150,23.65,27.82,32.74,Erode
Drumstick,76.16,B,100,65.82,77.56,95.46,Erode
Onion,34.5,B,75,30.05,34.73,43.18,Trichy
Cabbage,26.51,B,100,23.81,27.64,32.22,Coimbatore
Carrot,59.53,A,75,51.52,61.89,74.73,Coimbatore
Onion,50.07,B,300,43.19,51.59,61.98,Chennai
Drumstick,61.38,A,200,54.22,64.79,71.8,Trichy
Green Chilli,73.57,A,200,64.9,78.15,90.27,Chennai
Cabbage,27.47,A,200,23.85,28.03,32.65,Thanjavur
Onion,41.22,B,750,35.07,43.17,48.37,Erode
Onion,28.75,B,200,24.5,29.94,34.69,Salem
Green Chilli,53.03,C,150,45.72,56.05,64.14,Madurai
Carrot,55.26,B,150,48.32,56.66,64.11,Coimbatore
Brinjal,40.03,B,75,34.23,40.36,49.33,Thanjavur
Cauliflower,30.86,C,75,26.67,30.59,38.27,Dindigul
Potato,25.9,B,100,22.76,27.49,30.61,Dindigul
Cabbage,22.77,B,150,19.35,23.9,26.9,Trichy
Cabbage,40.26,A,75,36.2,42.3,50.78,Coimbatore
Cucumber,28.72,B,75,25.19,28.79,36.27,Dindigul
Brinjal,47.46,B,300,39.22,48.96,56.32,Chennai
Cabbage,34.9,B,25,30.34,35.07,40.36,Madurai
Onion,27.76,A,1000,23.02,29.25,32.56,Thanjavur
Drumstick,81.14,B,200,68.09,84.0,95.01,Erode
Onion,29.07,C,500,23.94,29.85,34.83,Trichy
Drumstick,82.96,A,50,73.65,82.24,103.4,Coimbatore
Green Chilli,67.42,A,200,58.33,70.04,79.01,Salem
